instant,dteday,season,yr,mnth,holiday,weekday,workingday,weathersit,temp,atemp,hum,windspeed,cnt
1,2011-01-01,1,0,1,0,5,0,1,0.5483525047843519,0.39675280652621214,0.34311386072499117,0.4798955102024251,3027
2,2011-01-02,1,0,1,0,6,1,2,0.18879157537078486,0.8215521573993201,0.43828808927998175,0.024347424199964884,3043
3,2011-01-03,1,0,1,0,0,1,3,0.4576444350451404,0.7453548157557914,0.557406530221692,0.04900384239037053,3346
4,2011-01-04,1,0,1,0,1,1,1,0.46828661696154106,0.8878867222099807,0.6305903983788399,0.022032930785190696,3088
5,2011-01-05,1,0,1,0,2,0,3,0.791650887618136,0.7033986077456647,0.8374240020500952,0.09263842516677001,3340
6,2011-01-06,1,0,1,0,3,1,1,0.5373185761502308,0.4145561608223378,0.5568978066853203,0.27063505547083905,3534
7,2011-01-07,1,0,1,0,4,0,2,0.40432043917632776,0.5725102671957102,0.5508929512380105,0.322786090713714,2989
8,2011-01-08,1,0,1,0,5,1,2,0.8814402628085275,0.6288114033978562,0.2351701068760875,0.0227925789743344,1827
9,2011-01-09,1,0,1,0,6,1,1,0.18857647466105254,0.16276465305369917,0.22443808685935668,0.47298544492279965,2827
10,2011-01-10,1,0,1,0,0,1,2,0.43803874264955567,0.535597567283092,0.5858119733414604,0.4210826883251905,3654
11,2011-01-11,1,0,1,0,1,1,2,0.13361974013712424,0.6674566627780877,0.5067250292738412,0.14830624107854656,3174
12,2011-01-12,1,0,1,0,2,0,1,0.6919232966135442,0.23385704320084832,0.787426276486209,0.03859376511323398,3069
13,2011-01-13,1,0,1,0,3,1,1,0.8344612417593206,0.7245053739404458,0.3124757092982916,0.08494353660952864,3688
14,2011-01-14,1,0,1,0,4,1,2,0.32402986364039155,0.5670182244112894,0.21748016348193472,0.06347220687748634,3198
15,2011-01-15,1,0,1,0,5,0,2,0.7866733414392967,0.8617774285580757,0.514327137551088,0.061641889649473425,2418
16,2011-01-16,1,0,1,0,6,1,2,0.33377458436951823,0.13393783856551336,0.36623498972658025,0.25928084433286697,2669
17,2011-01-17,1,0,1,0,0,1,2,0.8286161293151322,0.3122609100443736,0.2347300613371862,0.12292372124670015,3455
18,2011-01-18,1,0,1,0,1,0,1,0.7031695228774272,0.5812431034398593,0.7072188007933402,0.17906985826457222,3278
19,2011-01-19,1,0,1,0,2,1,2,0.7439254214731509,0.3372479297647446,0.2781150999700732,0.4947526666921612,3903
20,2011-01-20,1,0,1,0,3,1,1,0.1144052444803636,0.6715393312569937,0.6258236500054402,0.3421571244626724,3044
21,2011-01-21,1,0,1,0,4,0,1,0.8702482856592207,0.7072042260175448,0.3967348251168224,0.4744903335235007,3229
22,2011-01-22,1,0,1,0,5,1,1,0.6813367936562587,0.18201277125317958,0.32144723524851543,0.0712782775165578,3015
23,2011-01-23,1,0,1,0,6,1,1,0.34380087630890666,0.5110835713654142,0.4658260660435222,0.19106973741628464,3177
24,2011-01-24,1,0,1,0,0,1,1,0.7635157318870776,0.5071124444728448,0.7610120433560674,0.27736590164117714,2644
25,2011-01-25,1,0,1,0,1,0,1,0.325216958731944,0.39542461617243285,0.47446550383320085,0.03837903094436901,3262
26,2011-01-26,1,0,1,0,2,1,2,0.7982030716529024,0.8463398900557377,0.725538754447739,0.0020937218139789326,3412
27,2011-01-27,1,0,1,0,3,1,1,0.19006431232954962,0.762005055898577,0.2878404077594055,0.33521716689845876,3393
28,2011-01-28,1,0,1,0,4,0,1,0.6629487819686366,0.6577675055277095,0.7409399937655554,0.32090975840071767,4323
29,2011-01-29,1,0,1,0,5,0,1,0.5325587813159283,0.671461308587998,0.36585332743465404,0.20539440499980588,4212
30,2011-01-30,1,0,1,0,6,1,1,0.17722757615635265,0.4693729150504953,0.6741751909222109,0.24482203801601632,3193
31,2011-01-31,1,0,1,0,0,1,1,0.29351506260707116,0.8367956168772607,0.5960470883886975,0.2077215002960448,2691
32,2011-02-01,1,0,2,0,1,1,1,0.10992322902185184,0.6556763418026283,0.8504013020481811,0.012002522422444428,3483
33,2011-02-02,1,0,2,0,2,0,2,0.4750143723716047,0.6831848493246532,0.4711257625827198,0.1676858031087312,3688
34,2011-02-03,1,0,2,0,3,1,2,0.3410122086080003,0.7893527230298762,0.24631563218410832,0.08854112769864492,3208
35,2011-02-04,1,0,2,0,4,1,2,0.5786859874382071,0.3192572714737528,0.21340883988587706,0.04921209455068437,3242
36,2011-02-05,1,0,2,0,5,0,1,0.3377902461668938,0.7456567230933624,0.7788009926809272,0.4783602169446749,4213
37,2011-02-06,1,0,2,0,6,0,1,0.3399352892055878,0.25619248236519365,0.5673149463630025,0.2996798625210828,3491
38,2011-02-07,1,0,2,0,0,1,2,0.6945545589852827,0.3762735617959103,0.7426708362844645,0.36432814211830133,3873
39,2011-02-08,1,0,2,0,1,0,1,0.13851426878268278,0.3684883634158742,0.3640979200080603,0.15768187163305875,3249
40,2011-02-09,1,0,2,0,2,1,1,0.8223159961535899,0.8828203747113125,0.44155862185926364,0.1965735647470076,3612
41,2011-02-10,1,0,2,0,3,0,1,0.7818110995129451,0.7852297789983415,0.22107271054792327,0.11846199694836174,3514
42,2011-02-11,1,0,2,0,4,1,1,0.6342437465811253,0.6609358892722078,0.8730446272018786,0.04848283548271237,3391
43,2011-02-12,1,0,2,0,5,1,1,0.5745772560859075,0.6816454092923121,0.6675075346905694,0.0895158187207919,4136
44,2011-02-13,1,0,2,0,6,0,1,0.8138419985117218,0.5496582355220568,0.8532435614315144,0.3987570226482429,3131
45,2011-02-14,1,0,2,0,0,1,1,0.24826414362297156,0.8576725336868153,0.3858474852003506,0.3387729025918879,3819
46,2011-02-15,1,0,2,0,1,1,1,0.1631753297526629,0.49700700230588923,0.6280245278579626,0.27346443799273845,3569
47,2011-02-16,1,0,2,0,2,0,2,0.29160813592763046,0.40441416789591567,0.6749499778048464,0.23754493643338404,3889
48,2011-02-17,1,0,2,0,3,0,2,0.7356626229601523,0.23042826954527282,0.4222847901803119,0.4612171418280622,3598
49,2011-02-18,1,0,2,0,4,1,2,0.12773621338118668,0.7289645218088464,0.7936764645109411,0.0363674738893342,4093
50,2011-02-19,1,0,2,0,5,1,2,0.5662454680667918,0.6875551456604732,0.8630130240301734,0.14030040661895798,3382
51,2011-02-20,1,0,2,0,6,1,3,0.896350012953048,0.40748403081930795,0.819398582387203,0.17496892678535703,4232
52,2011-02-21,1,0,2,0,0,1,1,0.7845568750700316,0.1201547311673835,0.7173468831575607,0.3912129061063939,3768
53,2011-02-22,1,0,2,0,1,1,1,0.5171565512348716,0.7711978621744086,0.3942252758074678,0.49625731008098567,3259
54,2011-02-23,1,0,2,0,2,1,1,0.1509127274293139,0.10913438676325891,0.3971312294739422,0.12033525737857653,4073
55,2011-02-24,1,0,2,0,3,0,2,0.7650988115085678,0.6629598237032408,0.8743522243122266,0.4371536670685403,3731
56,2011-02-25,1,0,2,0,4,1,2,0.5791828065417685,0.8762056877808456,0.20719914715498444,0.41531138021589564,3138
57,2011-02-26,1,0,2,0,5,1,1,0.19194639764765348,0.4501290625185628,0.7012349812695011,0.11232869882088331,3964
58,2011-02-27,1,0,2,0,6,1,3,0.17508582785868498,0.2879787239967622,0.6943723137886835,0.1996662900996113,4243
59,2011-02-28,1,0,2,0,0,0,1,0.827701455549274,0.6638968080347054,0.6358826786648581,0.20483643464625956,4362
60,2011-03-01,2,0,3,0,1,1,3,0.6353602103504628,0.7537025136124681,0.8930761922608059,0.48911033426327916,3707
61,2011-03-02,2,0,3,0,2,1,1,0.7634294394534045,0.5371442528622778,0.41831560503460763,0.09044595068944916,3925
62,2011-03-03,2,0,3,0,3,1,1,0.8031831202258138,0.8736282202049169,0.4379803046552737,0.399578985552391,3896
63,2011-03-04,2,0,3,0,4,1,1,0.5574178816386578,0.1413349773263689,0.25525758206258886,0.16709635708655496,4479
64,2011-03-05,2,0,3,0,5,1,1,0.5139570814040331,0.5038364786436226,0.5099586955806161,0.3654351728880802,3567
65,2011-03-06,2,0,3,0,6,0,1,0.4443419282567922,0.6747631578580401,0.38273396836439366,0.21000550214783142,3713
66,2011-03-07,2,0,3,0,0,0,1,0.3535572702328954,0.7901123769193432,0.44037069152435093,0.28917988155827,3573
67,2011-03-08,2,0,3,0,1,1,2,0.4476767686869695,0.24340448952623206,0.7842002531789394,0.41630588666306556,3334
68,2011-03-09,2,0,3,0,2,1,1,0.7191037245841251,0.7400027854109451,0.854839159469247,0.40208278249194207,4020
69,2011-03-10,2,0,3,0,3,0,1,0.5815387448121053,0.5421656605748363,0.33001315040362994,0.4332115917698501,4568
70,2011-03-11,2,0,3,1,4,0,2,0.8140186319638769,0.4172429455919706,0.4607562520874261,0.02980866267232951,3854
71,2011-03-12,2,0,3,0,5,1,2,0.45470401150335016,0.20537202286327486,0.8500413934807758,0.3460252765198724,3587
72,2011-03-13,2,0,3,0,6,1,1,0.5856716629750033,0.79223660712713,0.24326592248245585,0.06999368836088143,4020
73,2011-03-14,2,0,3,0,0,1,1,0.605046042473591,0.2258185665437723,0.26465236967796496,0.2079092840092055,4186
74,2011-03-15,2,0,3,0,1,1,1,0.5733577298450604,0.3478302873672794,0.31395369244436055,0.27429420752734424,3893
75,2011-03-16,2,0,3,0,2,0,1,0.662107018468413,0.3320364255699495,0.6166489838888123,0.20136974237341537,4522
76,2011-03-17,2,0,3,0,3,0,2,0.28994677469984503,0.7971312273526835,0.30533058970419824,0.25980583790150374,3640
77,2011-03-18,2,0,3,0,4,0,1,0.5098910220366325,0.6381623953671184,0.8776534670155134,0.49826315439930957,3855
78,2011-03-19,2,0,3,0,5,1,1,0.18337984224667814,0.7373451177530979,0.5127001690809643,0.06760865685642736,4092
79,2011-03-20,2,0,3,0,6,1,2,0.40760906211585,0.3003743190339992,0.5510625722451165,0.3377280226682128,4135
80,2011-03-21,2,0,3,0,0,0,1,0.49013365489701155,0.5998992796855992,0.37266103106378456,0.1980004831928076,4000
81,2011-03-22,2,0,3,0,1,0,1,0.621779407636378,0.557396786514999,0.5296721767043134,0.06650489945366439,3473
82,2011-03-23,2,0,3,0,2,1,1,0.8604248420689629,0.7662643014306169,0.6633395428459081,0.07936838168715477,4922
83,2011-03-24,2,0,3,0,3,0,3,0.5805208532386847,0.8248696483850084,0.7258239958678299,0.47463655312280845,3895
84,2011-03-25,2,0,3,0,4,0,1,0.6948751329412478,0.10972541718190945,0.727707657896939,0.439800748355881,4036
85,2011-03-26,2,0,3,0,5,1,2,0.5050128475961623,0.6392159352470341,0.6045237788858618,0.4535209802075109,4240
86,2011-03-27,2,0,3,0,6,1,1,0.607283225101065,0.14146863929578324,0.8330518424957001,0.49576638791369326,3741
87,2011-03-28,2,0,3,0,0,1,1,0.15674577290701874,0.5390869320618847,0.7721854931142766,0.10415769500425898,4020
88,2011-03-29,2,0,3,0,1,1,2,0.3035132646734776,0.33010618323494256,0.7299336802890377,0.17771966868203087,3727
89,2011-03-30,2,0,3,0,2,1,3,0.389482474564111,0.34542127961771296,0.23892386517632244,0.33460951496243335,4165
90,2011-03-31,2,0,3,0,3,0,2,0.47799468400521083,0.3823668027618853,0.20481457355375454,0.24190126993032363,3889
91,2011-04-01,2,0,4,0,4,1,2,0.136518996401907,0.5970339592396882,0.34871309403683104,0.20919476668916676,4107
92,2011-04-02,2,0,4,0,5,1,2,0.21201927804265416,0.3672399725350154,0.6644665157394165,0.17890562466779653,3581
93,2011-04-03,2,0,4,0,6,1,1,0.32145144623304467,0.6861592404722243,0.48783824221778205,0.2968903159717261,3667
94,2011-04-04,2,0,4,0,0,1,1,0.8772261527208406,0.42362190845909575,0.4816843815095182,0.287796714320041,3452
95,2011-04-05,2,0,4,0,1,0,2,0.36507760568244063,0.1546825602479669,0.8192108217607297,0.08072891703212004,3713
96,2011-04-06,2,0,4,0,2,1,1,0.4856328464896661,0.7270078739872858,0.826893993692287,0.23586991875921953,2967
97,2011-04-07,2,0,4,0,3,1,2,0.25687817019071435,0.3286066596741648,0.83642268483751,0.27673588810492494,3872
98,2011-04-08,2,0,4,0,4,0,3,0.5886240568606146,0.44621350367941015,0.41971465356051907,0.28514346936569523,3779
99,2011-04-09,2,0,4,0,5,1,1,0.32454657241277945,0.6483551065775213,0.6837390689174832,0.1050535964561759,4051
100,2011-04-10,2,0,4,0,6,1,1,0.26559406275074143,0.36596492571896966,0.3901432268920587,0.3711356961261434,4006
101,2011-04-11,2,0,4,0,0,1,2,0.5132581027567833,0.14526852491737252,0.3334268831521149,0.012599547410534817,4488
102,2011-04-12,2,0,4,0,1,1,1,0.10440463932833666,0.39913683761025087,0.3292427201431585,0.17741592777158133,5020
103,2011-04-13,2,0,4,0,2,1,2,0.10613122611938026,0.8555588661554427,0.4394753346045158,0.3901063242678168,4434
104,2011-04-14,2,0,4,0,3,1,1,0.2752550472814862,0.6133875178388466,0.5009703338458752,0.28194646052770117,3794
105,2011-04-15,2,0,4,0,4,1,2,0.12937709000065692,0.6371833189337656,0.7816644197385478,0.13058121625543012,3774
106,2011-04-16,2,0,4,0,5,0,1,0.18642060330455312,0.6058257229101118,0.2839237654308985,0.34747655967152385,4315
107,2011-04-17,2,0,4,0,6,1,2,0.3710885194710013,0.2591937111675494,0.7144480931764259,0.2836954720780367,3290
108,2011-04-18,2,0,4,0,0,1,1,0.7420685436638503,0.4346670912818241,0.5720184399325137,0.3981218047281936,3832
109,2011-04-19,2,0,4,0,1,1,1,0.5576389146954407,0.7007518386906546,0.40156173987319477,0.3675125930949117,3858
110,2011-04-20,2,0,4,0,2,1,1,0.5101341807651332,0.18109831804252732,0.5449737091729772,0.3050539610181173,4182
111,2011-04-21,2,0,4,0,3,1,2,0.3347910585664973,0.32228222087176983,0.4099594488439159,0.244088837655407,4188
112,2011-04-22,2,0,4,0,4,1,2,0.8454029755462531,0.3210552867726829,0.6172573686668141,0.0665910628337617,3639
113,2011-04-23,2,0,4,0,5,0,1,0.41761203298975336,0.4456151420756048,0.5036907459986709,0.13066650894269188,3764
114,2011-04-24,2,0,4,0,6,1,1,0.1696742134366172,0.8842949927537481,0.3150838703552151,0.20954973645854263,4102
115,2011-04-25,2,0,4,0,0,1,1,0.593653212894241,0.15400203734705756,0.2816081521889877,0.29964964350319434,3598
116,2011-04-26,2,0,4,0,1,1,2,0.19107071478128113,0.514960795504476,0.582686977450491,0.2568539276076524,4393
117,2011-04-27,2,0,4,0,2,0,2,0.37617851424135373,0.24349174560976838,0.8316891233002723,0.14409226297976474,4147
118,2011-04-28,2,0,4,0,3,1,1,0.5059295509742471,0.8765412363277953,0.4407703805903799,0.0032321788948552754,3964
119,2011-04-29,2,0,4,0,4,1,1,0.7993780197481407,0.19064280378197138,0.7131000750558363,0.24811961095040697,4044
120,2011-04-30,2,0,4,0,5,1,1,0.49483726427209496,0.422880801889273,0.6610629484578369,0.14281299428112154,3693
121,2011-05-01,2,0,5,0,6,0,1,0.6618070128253314,0.690307987867685,0.8520884400166366,0.36730415035526753,3621
122,2011-05-02,2,0,5,0,0,1,1,0.8942534711992564,0.6636435424219562,0.7746867121093985,0.011973132635241746,3693
123,2011-05-03,2,0,5,0,1,0,3,0.2051912959183853,0.4381829095151458,0.5966236812338241,0.29241390565289543,4054
124,2011-05-04,2,0,5,0,2,1,1,0.31978522041561563,0.3772193343621746,0.6599213487638751,0.4707371187530327,3925
125,2011-05-05,2,0,5,0,3,1,2,0.4156608604781171,0.4180899028422965,0.8288705266088243,0.08720463355574976,3666
126,2011-05-06,2,0,5,0,4,1,1,0.4374625428310651,0.3114210105269114,0.47966314921085434,0.23582474537529768,4126
127,2011-05-07,2,0,5,0,5,1,1,0.4288168602124366,0.2642663509654398,0.42875629410044414,0.045710995908569085,3746
128,2011-05-08,2,0,5,0,6,1,2,0.8260888020452439,0.48643175804711203,0.20756775854463744,0.3128409561306763,3529
129,2011-05-09,2,0,5,0,0,1,2,0.6712261155734851,0.3148270048540859,0.7785857519340249,0.2752658402981128,3897
130,2011-05-10,2,0,5,0,1,0,3,0.586324171272563,0.3299693319178001,0.7606864902823554,0.20368276210641617,3380
131,2011-05-11,2,0,5,0,2,1,1,0.34749817429022567,0.6254048507796457,0.27311816267010597,0.2606885107368706,3099
132,2011-05-12,2,0,5,0,3,1,1,0.7590323073770358,0.8748298653599138,0.6038001667928902,0.4482873292345051,3761
133,2011-05-13,2,0,5,0,4,1,2,0.8640484091879912,0.5829097604475001,0.5247871887168212,0.09814715115553352,3489
134,2011-05-14,2,0,5,0,5,1,1,0.7569586260401813,0.16158357365197304,0.283096366856378,0.011282255852673617,3639
135,2011-05-15,2,0,5,0,6,1,1,0.10125208415317832,0.1604668910832536,0.8863977589425065,0.4308324423495505,3342
136,2011-05-16,2,0,5,0,0,1,1,0.6091210961467256,0.8611385766764528,0.3502871212243488,0.28855854119395324,4201
137,2011-05-17,2,0,5,0,1,1,1,0.14090830515368058,0.3378326322458669,0.2470639260633928,0.4453292277309212,3440
138,2011-05-18,2,0,5,0,2,0,2,0.3060857762669775,0.17365358886598037,0.6163931656513366,0.2984726117065863,3520
139,2011-05-19,2,0,5,0,3,0,1,0.14761976027821735,0.5792356697203053,0.7172066739931229,0.40508054497985124,3831
140,2011-05-20,2,0,5,1,4,1,1,0.5830363623595102,0.5989190226322129,0.2227104122330309,0.21483668167757397,3117
141,2011-05-21,2,0,5,0,5,1,1,0.6492719307940854,0.6188038560949505,0.6611023471089155,0.3749299656441344,3074
142,2011-05-22,2,0,5,0,6,1,1,0.19159011045272412,0.31392162228603304,0.5726043131660181,0.456520733444928,3794
143,2011-05-23,2,0,5,0,0,1,1,0.40707110643598365,0.11208854737158003,0.2722855062125339,0.28606148186110314,3450
144,2011-05-24,2,0,5,0,1,1,1,0.4649892071644336,0.8720122955635775,0.3207667138624535,0.09039257528118977,3254
145,2011-05-25,2,0,5,0,2,1,1,0.39524241740873334,0.300714436552882,0.5975820081212564,0.13439880751509908,3842
146,2011-05-26,2,0,5,0,3,0,2,0.19682000038815445,0.640821030442038,0.4074503294593019,0.09932228844870289,3263
147,2011-05-27,2,0,5,0,4,1,1,0.4351582321499804,0.6653038959029677,0.8568210100559213,0.12342851379786646,3463
148,2011-05-28,2,0,5,0,5,1,1,0.7009424382467345,0.5880059336635886,0.7731181606388355,0.1532077246755182,3201
149,2011-05-29,2,0,5,0,6,1,2,0.1568061316266044,0.3503259153709186,0.8884970445595641,0.27756689337659424,3666
150,2011-05-30,2,0,5,0,0,1,2,0.16414401126552275,0.31687700301125266,0.38176958726528976,0.2939958147319164,4063
151,2011-05-31,2,0,5,0,1,1,1,0.38381703346878737,0.5781346261621625,0.8788065429585838,0.21324987362093056,2771
152,2011-06-01,3,0,6,0,2,1,1,0.8533805692951401,0.7928765068893532,0.5018637088540905,0.3077103899104177,3546
153,2011-06-02,3,0,6,0,3,1,1,0.6348581173783312,0.8573869831387165,0.44326315671962824,0.04078746280568296,3828
154,2011-06-03,3,0,6,0,4,0,2,0.6429359653380519,0.1847246435230061,0.23524466887854728,0.043894118529079984,3302
155,2011-06-04,3,0,6,1,5,1,3,0.38953599267029204,0.2238628900781759,0.23693568050172184,0.08591473017882922,3003
156,2011-06-05,3,0,6,0,6,1,2,0.5749286329668307,0.8557890070264638,0.6844078791626582,0.2590387490201724,3608
157,2011-06-06,3,0,6,0,0,1,1,0.10810494722219471,0.689228182667834,0.5205502961038195,0.10699733934915678,3825
158,2011-06-07,3,0,6,0,1,1,2,0.6088768371276337,0.8063950598638184,0.358565138225274,0.14164220174628867,3765
159,2011-06-08,3,0,6,0,2,1,1,0.8306295580609894,0.26210610730827455,0.6297792144276628,0.20015641808649703,3539
160,2011-06-09,3,0,6,0,3,0,1,0.5900587746758553,0.5700686968875215,0.3770006827750778,0.4059330620051899,3416
161,2011-06-10,3,0,6,0,4,0,1,0.798958874773076,0.6609116755339789,0.6043422280410958,0.006931067956430059,3002
162,2011-06-11,3,0,6,0,5,0,3,0.679178444372875,0.6440895083575782,0.4514461228878832,0.3246894101183112,3691
163,2011-06-12,3,0,6,0,6,1,1,0.19644673312295222,0.42652135269335856,0.7764865586282732,0.33443826552034267,3653
164,2011-06-13,3,0,6,0,0,1,2,0.8219626458286734,0.11231591335304679,0.7744873125367455,0.39932789017831827,2857
165,2011-06-14,3,0,6,0,1,1,1,0.15315507548461993,0.5663408454434106,0.5341452786856808,0.4663764695301566,3442
166,2011-06-15,3,0,6,0,2,1,1,0.5271739780382111,0.302481231343687,0.4455733765345109,0.010068924474644914,3541
167,2011-06-16,3,0,6,0,3,0,1,0.21370969903476614,0.46020339691431233,0.4537918575913662,0.07689185275660809,3616
168,2011-06-17,3,0,6,0,4,1,1,0.10936528858472326,0.8660648120670539,0.7640001679677524,0.4430856470279965,3217
169,2011-06-18,3,0,6,0,5,1,2,0.4376274081021112,0.4192282541139478,0.4297256379583284,0.22925928109350768,2887
170,2011-06-19,3,0,6,0,6,1,1,0.336032566123325,0.7718412853315414,0.34634156159479224,0.28229531946673175,3012
171,2011-06-20,3,0,6,0,0,1,2,0.4888003950380825,0.2508324845994009,0.25928183931271476,0.3315136018615737,2793
172,2011-06-21,3,0,6,0,1,1,2,0.5617599093876406,0.6379683984200231,0.5266851846190859,0.3395333022478187,3159
173,2011-06-22,3,0,6,0,2,1,3,0.1349912578471579,0.8816055635511548,0.5374924692438894,0.4658702016582541,3064
174,2011-06-23,3,0,6,0,3,1,1,0.19840263609899653,0.18151448069834944,0.788636097282035,0.4984747087058348,4003
175,2011-06-24,3,0,6,0,4,0,1,0.5469139171603403,0.10665595378175362,0.35486708751224477,0.3600787304654701,3486
176,2011-06-25,3,0,6,0,5,0,1,0.3745338825381266,0.4468662341060915,0.46669389156787994,0.1436106046025754,3499
177,2011-06-26,3,0,6,0,6,1,3,0.6833387900395584,0.17410038644109377,0.7658840172255836,0.4398762011471718,3283
178,2011-06-27,3,0,6,0,0,1,3,0.6218333188735518,0.6987074797409851,0.7765365275242815,0.024610457270380803,2930
179,2011-06-28,3,0,6,0,1,1,1,0.7764834903919254,0.8316389310788471,0.4692277531851377,0.1155404264372481,2950
180,2011-06-29,3,0,6,0,2,1,2,0.6539942613353802,0.4472167781670071,0.5213868163006766,0.44869285873185744,2969
181,2011-06-30,3,0,6,0,3,1,1,0.44394486191211857,0.30696931372435277,0.4123001235944981,0.12809575721967748,3101
182,2011-07-01,3,0,7,0,4,1,2,0.6383732979155459,0.4475226552052879,0.8527884148935183,0.11032552981087423,3164
183,2011-07-02,3,0,7,0,5,1,1,0.3203049394043348,0.6787582542800008,0.28305063601910624,0.06906264657012362,2991
184,2011-07-03,3,0,7,0,6,1,2,0.3450507990225702,0.10724332926429679,0.8536245961010289,0.42955587882345825,2857
185,2011-07-04,3,0,7,0,0,1,1,0.7311881279366347,0.5715631915877578,0.6787065162847402,0.25002912959554335,2719
186,2011-07-05,3,0,7,0,1,1,2,0.4571356131212657,0.5906333479099033,0.5721005068807119,0.3374466015270774,2382
187,2011-07-06,3,0,7,0,2,0,2,0.7387042724146821,0.6101505975167484,0.22286134254914713,0.11953319203751483,3435
188,2011-07-07,3,0,7,0,3,0,2,0.7579378989346227,0.2936176639847018,0.5329173342754058,0.37902021050560825,3787
189,2011-07-08,3,0,7,0,4,1,1,0.786049870129027,0.6712421787025014,0.48542367350191257,0.38000277248104924,3368
190,2011-07-09,3,0,7,0,5,0,1,0.8333081886729659,0.1731131890654211,0.3128531683825858,0.15629901245415007,2367
191,2011-07-10,3,0,7,0,6,1,1,0.44478817641063706,0.25941626917344063,0.6594867224504598,0.20534131650514142,3169
192,2011-07-11,3,0,7,0,0,0,1,0.3550934546569111,0.8019760373235856,0.8798056351578001,0.10484513871510043,3246
193,2011-07-12,3,0,7,0,1,0,1,0.5657589972752911,0.6909785205812531,0.5935321677451676,0.48828051166145214,2658
194,2011-07-13,3,0,7,0,2,1,3,0.3969379387501021,0.1109964432090762,0.7003272935107621,0.3228012885292058,2998
195,2011-07-14,3,0,7,0,3,1,1,0.5808593334401864,0.2987010082958402,0.24791531679621176,0.46727194035775776,2603
196,2011-07-15,3,0,7,0,4,1,1,0.6644686901150597,0.27152518639453166,0.4923668970718963,0.15169277181456658,3381
197,2011-07-16,3,0,7,0,5,1,1,0.6507240147937094,0.3166450624295781,0.2814509396151471,0.39094545649844487,2899
198,2011-07-17,3,0,7,0,6,1,1,0.39964230961609715,0.29804781622390913,0.6289570848755572,0.382929321942371,2369
199,2011-07-18,3,0,7,0,0,1,2,0.23348816135900227,0.1500210365942766,0.8569375107499082,0.34582782593327077,2987
200,2011-07-19,3,0,7,0,1,1,1,0.44442347076976607,0.46715241327745627,0.6632444127301469,0.4828194876334002,3126
201,2011-07-20,3,0,7,0,2,0,3,0.214075315265527,0.6861867798289321,0.25376213382009505,0.19677766805315777,2766
202,2011-07-21,3,0,7,0,3,0,1,0.8120776281470466,0.5853853797739491,0.44826634348955796,0.06535866179487865,2862
203,2011-07-22,3,0,7,0,4,1,3,0.37670196859028593,0.6382973348784639,0.585464365608596,0.3358544296220304,2626
204,2011-07-23,3,0,7,0,5,1,2,0.22356779777865904,0.16491934282899134,0.4822454292932765,0.3646549002386031,2184
205,2011-07-24,3,0,7,0,6,1,1,0.12035820792460071,0.8611925681414297,0.7835508073326205,0.28753028672940734,2561
206,2011-07-25,3,0,7,0,0,1,3,0.6166579090291874,0.7707934670744199,0.7702697032969925,0.10340894656669813,2815
207,2011-07-26,3,0,7,0,1,0,1,0.6095218539637945,0.7440722547965302,0.628281714072255,0.2522279708346777,2539
208,2011-07-27,3,0,7,0,2,1,2,0.37248333326503336,0.7583870440334141,0.4614205615928937,0.1560948682845647,2895
209,2011-07-28,3,0,7,0,3,1,1,0.1573695110781208,0.8461684065062091,0.3787354616342709,0.21373326408334453,2402
210,2011-07-29,3,0,7,0,4,1,2,0.4277031159161856,0.5354031728909582,0.27411202274919055,0.32260928792233196,2413
211,2011-07-30,3,0,7,0,5,1,2,0.3489739960507149,0.26022561429410074,0.4484283784405878,0.37260737134541727,2861
212,2011-07-31,3,0,7,0,6,1,2,0.6416965117880075,0.593426886282033,0.48922076204540366,0.11611234545067156,2602
213,2011-08-01,3,0,8,0,0,0,2,0.5846233995621523,0.6943051949343512,0.6730760475728514,0.20266268032347667,2334
214,2011-08-02,3,0,8,0,1,1,1,0.391674982558032,0.6903339146832204,0.6607118770083014,0.1345807854958146,2897
215,2011-08-03,3,0,8,0,2,1,1,0.2743140434039921,0.5171592193335041,0.2490756977488799,0.09931580693093456,2193
216,2011-08-04,3,0,8,0,3,1,1,0.8904287729244735,0.15476697546686247,0.4766815208018104,0.3916936099979192,2163
217,2011-08-05,3,0,8,0,4,0,1,0.46320129695689194,0.3968903507441023,0.3272452070521533,0.4546263472184962,1308
218,2011-08-06,3,0,8,0,5,0,2,0.6506193886241897,0.8366132867706859,0.30976889372176397,0.18511609284228836,2204
219,2011-08-07,3,0,8,0,6,1,1,0.21244237406268862,0.5675591278059409,0.7791115048160722,0.37563946218688343,2935
220,2011-08-08,3,0,8,0,0,1,3,0.4884717597275182,0.5306655546045708,0.2293406517013803,0.44849764468220554,1569
221,2011-08-09,3,0,8,0,1,1,2,0.12202937589557239,0.3150828115057548,0.49342801313148493,0.4230621052651158,2003
222,2011-08-10,3,0,8,0,2,1,2,0.5043640943283599,0.39475913593326317,0.31774255903656273,0.09140669426961295,2546
223,2011-08-11,3,0,8,0,3,0,1,0.8712139256941619,0.8162768713225355,0.8155311509749319,0.47814594075668065,1459
224,2011-08-12,3,0,8,0,4,1,2,0.4073653703886402,0.6331704380214686,0.5899283592925246,0.18833822021473123,2140
225,2011-08-13,3,0,8,0,5,1,3,0.13119681005992928,0.7299096214018663,0.36196644546379364,0.16962033058691817,2788
226,2011-08-14,3,0,8,0,6,1,1,0.12476463273547483,0.46347633845412417,0.5516991010164635,0.031215663638890168,3136
227,2011-08-15,3,0,8,1,0,1,2,0.41038940795749557,0.6041977755649264,0.712040451792181,0.2430868270524415,2422
228,2011-08-16,3,0,8,0,1,1,2,0.22801994917055524,0.29870688699456605,0.8706826062436037,0.054506807820464354,1923
229,2011-08-17,3,0,8,0,2,0,1,0.11868167706254873,0.664368664226789,0.3543122029717932,0.124269910463713,1898
230,2011-08-18,3,0,8,0,3,1,1,0.7049708911601414,0.4420810669626699,0.8203272404905415,0.1584713108836407,2328
231,2011-08-19,3,0,8,0,4,1,1,0.4668184071055126,0.45403641185179644,0.8540128799172431,0.404413161745842,2371
232,2011-08-20,3,0,8,0,5,1,1,0.33139581757812364,0.6194578596615054,0.8414943811724462,0.43774432519794826,2990
233,2011-08-21,3,0,8,0,6,1,1,0.8200665464131845,0.8490244971751414,0.6447900498033369,0.15123315873073484,2624
234,2011-08-22,3,0,8,0,0,1,1,0.1929111681604205,0.15120507728689675,0.6408744581042953,0.42934906062228695,2258
235,2011-08-23,3,0,8,0,1,1,1,0.8647350631642554,0.7597945898776061,0.4822474432286759,0.42861546868489553,2080
236,2011-08-24,3,0,8,0,2,0,1,0.3511733739018823,0.3339064883297545,0.7266785176126516,0.38232547519243676,3409
237,2011-08-25,3,0,8,0,3,1,3,0.810722937846945,0.4551355636051023,0.5719058128456523,0.07334755700759077,2444
238,2011-08-26,3,0,8,0,4,1,1,0.5823543011835692,0.11753066302000717,0.674206649859806,0.3451614234503645,1915
239,2011-08-27,3,0,8,0,5,1,3,0.76136588779319,0.34083686226745047,0.4999205326941568,0.4725120322902844,2083
240,2011-08-28,3,0,8,0,6,1,1,0.8872105305683714,0.5021049941041044,0.7120475248301974,0.34127023938357853,1813
241,2011-08-29,3,0,8,0,0,0,1,0.3307243502549966,0.14494086187795122,0.7771300623231843,0.16580842455391698,1192
242,2011-08-30,3,0,8,0,1,0,1,0.8689083883260744,0.4928765835065322,0.30250537962197127,0.25028965871541564,2270
243,2011-08-31,3,0,8,0,2,1,1,0.41158551592193626,0.8416885030867419,0.7830508009019597,0.3228625216755268,2849
244,2011-09-01,4,0,9,0,3,1,1,0.4084095237895379,0.1843145744862442,0.5782075722532151,0.2552852043642518,1476
245,2011-09-02,4,0,9,0,4,1,2,0.3723096834036046,0.7115525824604035,0.791266136363157,0.05997647086548491,2142
246,2011-09-03,4,0,9,0,5,1,1,0.5331260858780682,0.42773684270079415,0.5019111944387102,0.15603202232601032,1829
247,2011-09-04,4,0,9,0,6,1,2,0.2233160345427897,0.6241389716194704,0.4653283397681245,0.40119801527681626,2312
248,2011-09-05,4,0,9,0,0,1,2,0.5429691882864089,0.3081892783881835,0.8405425127620556,0.4307090230477587,2027
249,2011-09-06,4,0,9,0,1,1,1,0.5333638499280032,0.22759381003308665,0.3758184872838809,0.06865001635778512,1545
250,2011-09-07,4,0,9,0,2,1,1,0.709521450083896,0.22837009141698117,0.7909486277003002,0.4761933761993623,1689
251,2011-09-08,4,0,9,0,3,0,2,0.7669199695500685,0.15639355651451572,0.5388144007565829,0.16441130892430467,1743
252,2011-09-09,4,0,9,0,4,1,1,0.45235308024993925,0.24851736392099444,0.5598668097858818,0.33115686936536,2607
253,2011-09-10,4,0,9,0,5,1,1,0.341866599481195,0.6313755079911746,0.4159277970426388,0.3759125729783406,2580
254,2011-09-11,4,0,9,0,6,0,3,0.30746791785367555,0.8053524894748064,0.601129540433311,0.4059731173189417,1932
255,2011-09-12,4,0,9,0,0,1,1,0.2556990693638975,0.7513005484729295,0.4276478373933479,0.47287485111296507,2542
256,2011-09-13,4,0,9,0,1,1,2,0.14611806575921993,0.6481074478995873,0.22748858996915663,0.1564597740144113,1977
257,2011-09-14,4,0,9,0,2,1,3,0.37395838306777074,0.18834549072888215,0.39039902374104923,0.42925322727577725,1910
258,2011-09-15,4,0,9,0,3,1,1,0.3161981537046266,0.33134995703675985,0.20446533038461348,0.06584345171810352,2059
259,2011-09-16,4,0,9,0,4,0,1,0.8731339086931259,0.3478455002579752,0.8848483509397995,0.35252045317679637,2145
260,2011-09-17,4,0,9,0,5,0,1,0.5461670610000352,0.299965557118097,0.8760230468738233,0.37098886475699294,1805
261,2011-09-18,4,0,9,0,6,1,1,0.37782163122440604,0.5120045277677785,0.4766087082306135,0.3388616206006602,2032
262,2011-09-19,4,0,9,1,0,1,1,0.5643740807949568,0.5284430519037381,0.7098595980377522,0.1261573680675765,2335
263,2011-09-20,4,0,9,0,1,1,2,0.21135736107655642,0.38550878013688816,0.44206426888729744,0.4365215735076017,2068
264,2011-09-21,4,0,9,0,2,1,1,0.45523499936176237,0.3830313269891489,0.6697652099601832,0.0844292316851975,2031
265,2011-09-22,4,0,9,0,3,1,1,0.6009874571368511,0.7628444783248651,0.7638010301321854,0.02681739576041542,2208
266,2011-09-23,4,0,9,0,4,0,3,0.4911182654339611,0.7314342786557485,0.8627293712845685,0.3587324953059561,2275
267,2011-09-24,4,0,9,0,5,1,2,0.42142304052345947,0.3462366653445965,0.48014859309477037,0.23773785761636684,1981
268,2011-09-25,4,0,9,0,6,0,2,0.8950787111197586,0.8310307550986075,0.7483085880692333,0.42454900997933803,1815
269,2011-09-26,4,0,9,0,0,1,1,0.8042518097191417,0.8622520136020049,0.3861499154424831,0.19169857052912948,2079
270,2011-09-27,4,0,9,0,1,1,2,0.5987247665275521,0.36139403362403266,0.8932326126555539,0.08413929425385641,1364
271,2011-09-28,4,0,9,0,2,1,1,0.5555018889458262,0.38353995903444393,0.2180387191350458,0.41822109623493486,1916
272,2011-09-29,4,0,9,0,3,0,1,0.5965283838596672,0.504507322737567,0.6224701645507846,0.27445481582003584,1011
273,2011-09-30,4,0,9,0,4,0,1,0.2610496862579466,0.8528966500269388,0.6616541871559289,0.09459789619517744,1329
274,2011-10-01,4,0,10,0,5,0,2,0.41611019461145493,0.8010555465138492,0.6816318899518902,0.3601919992932229,1269
275,2011-10-02,4,0,10,0,6,1,1,0.13156762631271945,0.18205437006687186,0.2842713051523623,0.25555681924475027,2419
276,2011-10-03,4,0,10,0,0,1,1,0.48043682998946136,0.414184594617133,0.8569708484311913,0.3021564911201599,2006
277,2011-10-04,4,0,10,0,1,0,1,0.5344196671661305,0.5426969517998175,0.326828295335058,0.23044916910329094,1496
278,2011-10-05,4,0,10,0,2,1,1,0.2821997888825677,0.5025059780412321,0.6359273822678888,0.4143544919090032,2199
279,2011-10-06,4,0,10,0,3,1,2,0.871223077732411,0.25509045434951416,0.35587325538615944,0.4147813578415249,2399
280,2011-10-07,4,0,10,0,4,1,2,0.8275636887497936,0.7870534169345238,0.41505149191488966,0.3546944109121931,2209
281,2011-10-08,4,0,10,0,5,0,2,0.6777145883647246,0.6415526263974699,0.582520979209687,0.052700688698231135,1932
282,2011-10-09,4,0,10,0,6,0,1,0.5267093030122901,0.7703266998814429,0.49203539299520355,0.4194269309520344,2103
283,2011-10-10,4,0,10,0,0,1,1,0.7959753277181479,0.7870114234795778,0.3121579206835544,0.3355064902664549,2373
284,2011-10-11,4,0,10,0,1,0,1,0.20452187505877034,0.6986846829325918,0.3196554816945938,0.34851208300214975,1827
285,2011-10-12,4,0,10,0,2,0,1,0.7324078354199081,0.4513684809997739,0.49270135171395973,0.18149142020193582,2030
286,2011-10-13,4,0,10,0,3,1,1,0.19985665117347864,0.5884374040123397,0.7300980847928504,0.43963977807850335,1919
287,2011-10-14,4,0,10,0,4,1,2,0.7353685300395244,0.22829232489579454,0.828575252793452,0.36268580011742874,1380
288,2011-10-15,4,0,10,0,5,0,1,0.3206140546010856,0.6389163339799262,0.258889363581568,0.05629523326459723,2396
289,2011-10-16,4,0,10,0,6,1,1,0.8016724648145511,0.2434026045914246,0.4751727352915807,0.20388901720308134,2857
290,2011-10-17,4,0,10,0,0,1,1,0.8552336750603183,0.6551596724081254,0.27017189460601365,0.44319018098007085,1689
291,2011-10-18,4,0,10,0,1,1,1,0.2190367755240925,0.28367852860317494,0.21161473644281853,0.023598350848689498,2428
292,2011-10-19,4,0,10,0,2,0,1,0.4701404840523148,0.19404104012017598,0.6632030778507696,0.48070830982102475,1712
293,2011-10-20,4,0,10,0,3,0,3,0.8847899025301481,0.23222759211436594,0.6217146093766115,0.3395812841597814,2107
294,2011-10-21,4,0,10,0,4,0,2,0.48672594877851727,0.10159370817525622,0.31411337967042036,0.3156879888216883,2663
295,2011-10-22,4,0,10,0,5,1,3,0.7908380180116361,0.6749916942828242,0.36366898316514484,0.1352796282439957,1857
296,2011-10-23,4,0,10,0,6,0,1,0.570985217705056,0.6859208392467033,0.21659542755116287,0.12439589436958853,2066
297,2011-10-24,4,0,10,0,0,0,1,0.40026392633568153,0.5119466799306076,0.7844630439860827,0.47102910974429774,1358
298,2011-10-25,4,0,10,0,1,1,1,0.3286268444206962,0.22909024084430696,0.882283417233986,0.14913622711706137,1820
299,2011-10-26,4,0,10,0,2,0,1,0.2625784728688698,0.16684347000855182,0.2948216757562836,0.3877526483594997,1330
300,2011-10-27,4,0,10,0,3,1,2,0.7094385531021578,0.11530317314982962,0.3620326496357087,0.19656089910353958,2272
301,2011-10-28,4,0,10,0,4,1,1,0.4092324054584223,0.23259854157217658,0.8078866667628537,0.06962703539235199,2440
302,2011-10-29,4,0,10,0,5,1,1,0.5090203697606009,0.8126844279865174,0.8485246585693293,0.005357648847679475,2027
303,2011-10-30,4,0,10,0,6,1,1,0.49386038400094556,0.2932294733613454,0.49373916796476724,0.2721286685076254,2238
304,2011-10-31,4,0,10,0,0,1,1,0.561823223386505,0.38341706177377255,0.2354357305883519,0.48788940927446633,2002
305,2011-11-01,4,0,11,0,1,1,2,0.7924617164996418,0.18427638758506656,0.22757428358497359,0.18456809690460224,2437
306,2011-11-02,4,0,11,1,2,1,1,0.8845914748667435,0.27788904379853624,0.6017649062483073,0.17859616699652242,2201
307,2011-11-03,4,0,11,0,3,0,1,0.42606736685905355,0.5153796566241641,0.4750265762252253,0.17204580892472104,1365
308,2011-11-04,4,0,11,0,4,1,1,0.7620151376850425,0.586202146476522,0.22005669930435817,0.2602719186524292,2544
309,2011-11-05,4,0,11,0,5,1,1,0.7116222357237741,0.29628185133296886,0.6082766746187898,0.22033244171214678,2022
310,2011-11-06,4,0,11,0,6,1,2,0.5588231611644586,0.14618572738009378,0.20791177561231575,0.43995731336350724,1680
311,2011-11-07,4,0,11,0,0,0,2,0.8648377148895465,0.41282629530191894,0.7511603707044912,0.25276039586174515,2023
312,2011-11-08,4,0,11,0,1,1,3,0.26037961242272223,0.2873626967410673,0.41450297589236007,0.2538789190942844,1448
313,2011-11-09,4,0,11,0,2,1,2,0.18741136824769714,0.2756431385838416,0.2281806021064625,0.0691857973602783,1719
314,2011-11-10,4,0,11,0,3,0,1,0.7831695735643377,0.8678902421707643,0.6118465546882073,0.491369770455193,2287
315,2011-11-11,4,0,11,0,4,1,2,0.45131985330699864,0.5930403887405793,0.4783790901031383,0.12498644543441484,2332
316,2011-11-12,4,0,11,0,5,1,1,0.7775750833656484,0.5455027545376767,0.8816602893500047,0.03668203372980133,2375
317,2011-11-13,4,0,11,0,6,1,1,0.814472164156332,0.4326200828186576,0.5809390637525915,0.3315731244876044,2265
318,2011-11-14,4,0,11,0,0,0,2,0.14996607489525715,0.44315546674411543,0.3926674267259058,0.29768318507843633,1999
319,2011-11-15,4,0,11,0,1,1,1,0.8067718103888486,0.5327240030704646,0.6966072052437824,0.20757282699637286,2266
320,2011-11-16,4,0,11,0,2,0,3,0.4586552442955377,0.6571438456288858,0.39004440177989796,0.21109611694033903,2125
321,2011-11-17,4,0,11,0,3,1,1,0.5083459912033857,0.6617168769454636,0.8329703039852956,0.3925319605232156,1662
322,2011-11-18,4,0,11,0,4,0,2,0.6012740088745682,0.23735512616435966,0.4623053793551635,0.09785632004982453,2016
323,2011-11-19,4,0,11,0,5,0,2,0.8411060853840694,0.5000902016613016,0.5849079939433437,0.41012665947244487,2694
324,2011-11-20,4,0,11,0,6,0,2,0.11529287554381124,0.4295664760272816,0.2354011726769602,0.3243735569475091,2986
325,2011-11-21,4,0,11,0,0,1,2,0.4814747746542537,0.7964215730155074,0.4982848665665615,0.2094848868897622,2625
326,2011-11-22,4,0,11,0,1,0,2,0.6501776339444485,0.6051351369747011,0.7826544777626965,0.2290143082919343,2995
327,2011-11-23,4,0,11,0,2,1,1,0.6781655661585828,0.5260032531327855,0.7639541637543392,0.1283236035930479,2425
328,2011-11-24,4,0,11,0,3,1,1,0.6540259452296864,0.19231571374313391,0.3570229911974684,0.3760571663484874,3102
329,2011-11-25,4,0,11,0,4,1,1,0.2075481035264975,0.5845103114587292,0.35825534970739387,0.2564373711526339,3240
330,2011-11-26,4,0,11,0,5,0,2,0.33951647069734503,0.19376312454418676,0.7721137185492657,0.1604272713749218,1739
331,2011-11-27,4,0,11,0,6,0,1,0.3869724203336108,0.3697652604526017,0.8512788941185279,0.2980250578804751,2536
332,2011-11-28,4,0,11,0,0,0,2,0.743549766143604,0.2142735718514655,0.2667526448911025,0.4978672260256615,2496
333,2011-11-29,4,0,11,0,1,1,1,0.3230078979316424,0.6536589176194951,0.5150410475983577,0.21763113982827692,2306
334,2011-11-30,4,0,11,0,2,1,1,0.2685639710937625,0.26500169106892213,0.4362179952749603,0.4603457003893098,2688
335,2011-12-01,1,0,12,0,3,0,2,0.865958415230477,0.4134874985504208,0.8094819188202076,0.17250841996228305,2522
336,2011-12-02,1,0,12,0,4,1,1,0.10709062809077513,0.816539822095023,0.25846744027601315,0.027366353462492943,2227
337,2011-12-03,1,0,12,0,5,1,1,0.8982566845455826,0.2634531067191762,0.34778815979062616,0.10212105318421444,2525
338,2011-12-04,1,0,12,0,6,1,1,0.6414570390859164,0.5062440511670233,0.726727836310546,0.2093475716638421,3033
339,2011-12-05,1,0,12,0,0,1,3,0.7627754395592937,0.4354173289328176,0.23590569428685093,0.1098174642972845,2640
340,2011-12-06,1,0,12,0,1,1,2,0.33569551707695455,0.1144992328365838,0.5447747665000024,0.00011351910912776875,2833
341,2011-12-07,1,0,12,0,2,1,1,0.11145222213364799,0.7342064908582503,0.509474924275804,0.4575007688737636,2487
342,2011-12-08,1,0,12,0,3,1,1,0.6902956148492241,0.1552367250516798,0.43408082529212405,0.4219397056154645,2795
343,2011-12-09,1,0,12,0,4,1,1,0.7673156776005406,0.47940401678156286,0.47620062072324665,0.37114611574347356,2146
344,2011-12-10,1,0,12,0,5,0,2,0.6923809055628153,0.5485426359511599,0.5709584108511631,0.08390729782301432,2446
345,2011-12-11,1,0,12,0,6,1,2,0.21428022984067088,0.6027411652916697,0.3129571508718682,0.06018178810499303,2621
346,2011-12-12,1,0,12,0,0,1,1,0.7027423378055753,0.6509053034463005,0.600397114798515,0.033802374736191576,2168
347,2011-12-13,1,0,12,0,1,1,1,0.7151382256861128,0.3026179068181721,0.7638026305099903,0.3620145943864606,2362
348,2011-12-14,1,0,12,0,2,1,1,0.6268324125360439,0.1079830213267595,0.7321126508531113,0.46440398034394265,2836
349,2011-12-15,1,0,12,0,3,0,2,0.712892746236469,0.6787549298839296,0.3077299332856416,0.2152679104565185,2779
350,2011-12-16,1,0,12,0,4,0,2,0.7767371517421857,0.5285252794780629,0.30447462881903176,0.05957033599802408,3067
351,2011-12-17,1,0,12,0,5,1,1,0.5908832913899668,0.768894162565799,0.38772205742143934,0.2561964103660533,2521
352,2011-12-18,1,0,12,0,6,1,1,0.17088377117574327,0.7571106903205554,0.45275230843872605,0.17441595372931507,2801
353,2011-12-19,1,0,12,0,0,0,1,0.49010224773376876,0.7746609342303066,0.4859189069859378,0.18741246217499885,2526
354,2011-12-20,1,0,12,0,1,0,3,0.16211946773728406,0.4880757279836322,0.6757880517833417,0.31066531207785364,3094
355,2011-12-21,1,0,12,0,2,1,1,0.42603442482594467,0.3669027166694926,0.2396763025160848,0.3593590566311012,3305
356,2011-12-22,1,0,12,0,3,1,2,0.4256851913005021,0.733246562073096,0.22427089295824648,0.05530179943658042,3039
357,2011-12-23,1,0,12,0,4,1,2,0.15280787531219328,0.46103529042340397,0.47433739406073633,0.017795115403238193,3287
358,2011-12-24,1,0,12,0,5,0,1,0.3790564271755835,0.2467537571227476,0.6880145844965864,0.49716515134285744,2892
359,2011-12-25,1,0,12,0,6,1,1,0.18879847903305189,0.7839792156491795,0.3354047400695378,0.11636417445777592,3219
360,2011-12-26,1,0,12,0,0,0,1,0.7465881680073777,0.8060479014178779,0.6490531368793762,0.026915262454229538,2944
361,2011-12-27,1,0,12,0,1,1,2,0.8581504207715767,0.47304780491213616,0.38187969655820964,0.09493766454795999,2521
362,2011-12-28,1,0,12,0,2,1,2,0.1578531802063509,0.16055978184782999,0.8202602761694615,0.01947892317423211,3047
363,2011-12-29,1,0,12,0,3,1,2,0.8640921658333611,0.410260871933545,0.8269829609866315,0.19590544730858583,2567
364,2011-12-30,1,0,12,0,4,1,1,0.5180612794693962,0.7428301275700827,0.4081010429969285,0.40120089222566213,3918
365,2011-12-31,1,0,12,0,5,1,1,0.33965254236309916,0.821419222836983,0.36099562777426836,0.1706222248788603,2866
366,2012-01-01,1,1,1,0,6,1,3,0.1614896602209308,0.26277819399807667,0.4879127804463619,0.22209170343918327,3275
367,2012-01-02,1,1,1,0,0,1,2,0.5004994144563343,0.15357888962021723,0.3683721096261041,0.3377933867837194,3029
368,2012-01-03,1,1,1,0,1,0,1,0.7356124355925989,0.8018803625062709,0.6706686903041925,0.2544470350349401,2558
369,2012-01-04,1,1,1,0,2,1,3,0.6656691818133585,0.41152395118310026,0.7782452791837999,0.4307228430106621,2309
370,2012-01-05,1,1,1,0,3,1,2,0.14018080917117903,0.5334087714140506,0.6711644916378519,0.43301783752287826,3385
371,2012-01-06,1,1,1,0,4,0,1,0.1583214682943228,0.8744526496406072,0.7770453130745445,0.004955347745576821,3722
372,2012-01-07,1,1,1,0,5,0,2,0.4222986261061097,0.1532517823313783,0.4778945135452319,0.3890231532415996,2826
373,2012-01-08,1,1,1,0,6,0,2,0.33623239523835463,0.6186544059616764,0.3094218794962026,0.23036680012083693,2474
374,2012-01-09,1,1,1,0,0,0,2,0.2859074584448383,0.15928433805989367,0.7165656631783144,0.49442027065183153,3024
375,2012-01-10,1,1,1,0,1,1,1,0.3248035991269709,0.4003751427732003,0.45233215359908774,0.24161603793771758,2796
376,2012-01-11,1,1,1,0,2,1,1,0.7427861946375077,0.7430516361547574,0.6698895776603928,0.49344797269414875,2928
377,2012-01-12,1,1,1,0,3,0,3,0.8433824429054831,0.4467777862045076,0.38945075938723595,0.3772846806028683,3449
378,2012-01-13,1,1,1,0,4,1,1,0.4240821556220532,0.8977458831223604,0.2568607443646709,0.12430244230665316,3201
379,2012-01-14,1,1,1,0,5,1,1,0.8248888017059977,0.5472474279572818,0.8948072568414343,0.26919748964347884,2906
380,2012-01-15,1,1,1,0,6,0,1,0.35719656099830555,0.35692972210876284,0.3093410555514195,0.49606781973929137,3490
381,2012-01-16,1,1,1,0,0,1,1,0.48114958907503336,0.2760890607238025,0.8918946957744367,0.42876530387596185,3538
382,2012-01-17,1,1,1,0,1,1,2,0.2808231982527998,0.38041642742892945,0.8840959527965131,0.04868344689561055,3153
383,2012-01-18,1,1,1,0,2,1,3,0.6123808337406752,0.3980266190076407,0.7556726727356278,0.35318599840499804,3360
384,2012-01-19,1,1,1,0,3,1,1,0.8831848921398472,0.1549709421791688,0.6615960734573982,0.17278979293540653,3529
385,2012-01-20,1,1,1,0,4,1,1,0.582794476834703,0.3956593595414185,0.6044649351757593,0.0034911309401740587,3507
386,2012-01-21,1,1,1,0,5,1,1,0.38625126729083914,0.47139081579138,0.8062710817644843,0.2017404845134998,3369
387,2012-01-22,1,1,1,0,6,0,2,0.6182539567924227,0.6781902017910437,0.40260766513364155,0.11737721086248565,3942
388,2012-01-23,1,1,1,0,0,1,2,0.19833654277231005,0.6253835877772864,0.5273768487394139,0.40943463526023577,3618
389,2012-01-24,1,1,1,0,1,1,1,0.810927264212319,0.6670125241833234,0.6335729785565514,0.16866530442288274,3221
390,2012-01-25,1,1,1,0,2,0,2,0.5024671606238691,0.10669094550148568,0.48783333310864374,0.41376184697690854,3239
391,2012-01-26,1,1,1,1,3,0,2,0.45947979363171365,0.27413391966442885,0.49924051786318757,0.00029896941739765426,3209
392,2012-01-27,1,1,1,0,4,0,2,0.5686918307628154,0.6293474307198852,0.4311992672514591,0.15390957501305957,3701
393,2012-01-28,1,1,1,0,5,0,3,0.599827090231522,0.48719149454379773,0.5949622716791751,0.12058260715388097,3214
394,2012-01-29,1,1,1,0,6,1,1,0.15742064498121044,0.10425078053467676,0.7954021696105811,0.11678368053430549,3308
395,2012-01-30,1,1,1,0,0,1,2,0.646093776978722,0.7435957139454579,0.341069864604419,0.03409330988273135,3916
396,2012-01-31,1,1,1,0,1,1,1,0.2935453442524237,0.7182476586322699,0.8541031271274089,0.09356213520525086,3585
397,2012-02-01,1,1,2,0,2,1,2,0.6711621060052718,0.5387353303948501,0.6823613576237608,0.27777478494280994,4002
398,2012-02-02,1,1,2,0,3,1,2,0.7580278355073574,0.1531706606210177,0.7762912488760212,0.14568053641887224,3857
399,2012-02-03,1,1,2,0,4,1,2,0.7431668060420162,0.7132120396260677,0.5893334848410081,0.20869739116457398,3081
400,2012-02-04,1,1,2,0,5,0,2,0.5420007739263113,0.5669708701850912,0.7456616909968443,0.18843344017359426,3525
401,2012-02-05,1,1,2,0,6,1,1,0.5161359138486009,0.7255679817263674,0.21134027813762707,0.4379524624999473,3976
402,2012-02-06,1,1,2,0,0,1,1,0.2143007690715294,0.7013975939166723,0.7728662973456746,0.45264949950525774,3105
403,2012-02-07,1,1,2,0,1,1,3,0.7202769203225085,0.7424016575662697,0.22809720135975659,0.24647848582793003,3776
404,2012-02-08,1,1,2,0,2,1,3,0.31712750435737147,0.5144064531236999,0.8229393634540036,0.1650779751578022,3606
405,2012-02-09,1,1,2,0,3,1,1,0.4973563382543572,0.21225961455481202,0.8943739230670502,0.05340035200118182,2933
406,2012-02-10,1,1,2,0,4,0,1,0.32741927434201334,0.6369259787037509,0.40584722352374447,0.4767014396910475,3696
407,2012-02-11,1,1,2,0,5,1,1,0.20706269039975453,0.5963790280415765,0.3472229894000556,0.030113472450148726,3326
408,2012-02-12,1,1,2,0,6,1,2,0.6036461575133892,0.6938025497592697,0.7357543547006284,0.14882513878414022,3207
409,2012-02-13,1,1,2,0,0,1,2,0.14346562785832306,0.23590480484058826,0.37711843864417727,0.14903310058500208,3690
410,2012-02-14,1,1,2,0,1,0,1,0.69891618730096,0.2559801599202314,0.8058936682205424,0.16020064307010745,2927
411,2012-02-15,1,1,2,0,2,1,1,0.3540694362088933,0.8123276137754628,0.2719898145102337,0.08214342163620464,3441
412,2012-02-16,1,1,2,0,3,1,2,0.10010775440358827,0.6999822387616567,0.28816863746555077,0.3915807154618486,4744
413,2012-02-17,1,1,2,0,4,1,2,0.5089033113897838,0.8265827909602583,0.8854060885704309,0.06124893098299461,3995
414,2012-02-18,1,1,2,0,5,1,1,0.1374815268220825,0.7069722569311366,0.6716872287890032,0.3174533295765814,3394
415,2012-02-19,1,1,2,0,6,0,1,0.32093564625671955,0.5777242447922415,0.792821057100267,0.06192301335290873,4319
416,2012-02-20,1,1,2,0,0,0,1,0.6655811899645729,0.6233061896222989,0.4270305641460626,0.03526781879647828,3372
417,2012-02-21,1,1,2,0,1,1,1,0.1501516972974927,0.811302339152008,0.673538624664423,0.45471475184293825,3558
418,2012-02-22,1,1,2,0,2,0,1,0.7714707938848019,0.5630454036095525,0.6159692791160181,0.09506438315935284,3331
419,2012-02-23,1,1,2,0,3,0,2,0.10305593812686649,0.6059130594627099,0.6222050840860629,0.41062507727985215,3903
420,2012-02-24,1,1,2,0,4,0,2,0.2974590953615218,0.22518137280288048,0.6777727216764051,0.2723154355535679,4358
421,2012-02-25,1,1,2,0,5,0,2,0.6927232449216572,0.4791369760928822,0.6027514211903691,0.0389282598043848,3421
422,2012-02-26,1,1,2,0,6,1,2,0.3530161197834455,0.6731176895664792,0.5003436585118661,0.47772409571903374,3006
423,2012-02-27,1,1,2,0,0,1,1,0.18151391045281084,0.3167541586530923,0.3931458860663828,0.12348058349594626,4277
424,2012-02-28,1,1,2,0,1,1,1,0.3881871350403423,0.26180334441962794,0.7380069316392415,0.42982267267630325,4471
425,2012-02-29,1,1,2,0,2,0,1,0.3163146291076204,0.3510614465795324,0.35839070100223036,0.08440500289228209,3060
426,2012-03-01,2,1,3,0,3,1,1,0.774169521728444,0.29320050239426676,0.68464801430809,0.42697144107092644,4051
427,2012-03-02,2,1,3,0,4,0,2,0.35067833406811455,0.2719301096291167,0.3633329758545286,0.0066144064526469926,3966
428,2012-03-03,2,1,3,0,5,0,3,0.7311459774208058,0.43988067429446953,0.6377311189681176,0.25589022828474034,3569
429,2012-03-04,2,1,3,0,6,1,1,0.8134977158485878,0.8262708111068273,0.7229547869903201,0.3847212897107784,3334
430,2012-03-05,2,1,3,0,0,0,1,0.44705393566122364,0.5056477173909747,0.3530997222345774,0.46739775874639167,4296
431,2012-03-06,2,1,3,0,1,1,2,0.8279545150835136,0.2503363046522584,0.2419603106029158,0.4546010681032435,3978
432,2012-03-07,2,1,3,0,2,1,1,0.4018544431705543,0.16157733550469927,0.29168162009592186,0.40981243477382245,4015
433,2012-03-08,2,1,3,0,3,0,1,0.8712627331920866,0.6569249161103402,0.6241978770897179,0.44409567483065204,3672
434,2012-03-09,2,1,3,0,4,1,2,0.17143161962045833,0.40623901154911024,0.7946124843580149,0.09960984291853825,3606
435,2012-03-10,2,1,3,0,5,0,2,0.6496154132025942,0.7574647572682874,0.23149777486479706,0.14209214785586438,2951
436,2012-03-11,2,1,3,0,6,0,1,0.49505123236554294,0.6276086149126161,0.7139058813291523,0.14448426246052926,3848
437,2012-03-12,2,1,3,0,0,1,1,0.4101190443645176,0.7369931604330948,0.43892305216503646,0.1885269655008494,4521
438,2012-03-13,2,1,3,0,1,1,2,0.6061695029988807,0.317556831534759,0.5349698589436658,0.19666033519259435,3594
439,2012-03-14,2,1,3,0,2,1,1,0.6630856733074649,0.6538871379688465,0.8502016848918958,0.27227766232733774,3347
440,2012-03-15,2,1,3,0,3,1,1,0.10349061572024727,0.311249587754975,0.43238005331509183,0.07993988168322069,4135
441,2012-03-16,2,1,3,0,4,0,2,0.23356247099775898,0.8512547835602333,0.5257358537576402,0.34562333189299466,4213
442,2012-03-17,2,1,3,1,5,1,1,0.670436840507455,0.6090994252266995,0.20957769033247678,0.08378326965225324,3735
443,2012-03-18,2,1,3,0,6,1,2,0.6331083308625651,0.35960944014027374,0.2571191040033869,0.15515424105227377,3834
444,2012-03-19,2,1,3,0,0,1,1,0.8728380041029418,0.3156094898338181,0.3810141137943488,0.251672565303077,4083
445,2012-03-20,2,1,3,0,1,1,3,0.7088302322006265,0.2527412680573148,0.21949656857475208,0.39822028076173865,3919
446,2012-03-21,2,1,3,0,2,0,1,0.8606181661850705,0.6557127671149823,0.6419627282337756,0.36973461661936363,4384
447,2012-03-22,2,1,3,1,3,1,1,0.6620324012278456,0.2749724903983418,0.49847884976113577,0.32276717820526113,4962
448,2012-03-23,2,1,3,0,4,0,1,0.33844176691155453,0.5762426127419913,0.5837016419096155,0.07788663029008508,3306
449,2012-03-24,2,1,3,0,5,1,1,0.1842919378006852,0.3117080215402859,0.3222530301274307,0.27352267280778886,4484
450,2012-03-25,2,1,3,0,6,0,2,0.7254590906759485,0.6295751558350948,0.4071524206056313,0.04372325089994272,4036
451,2012-03-26,2,1,3,0,0,1,3,0.6153193771807327,0.7519517828324314,0.6646771323969076,0.18868158839832538,4551
452,2012-03-27,2,1,3,0,1,1,1,0.138548809914637,0.7224201945157226,0.87571190654128,0.20675826514497958,4287
453,2012-03-28,2,1,3,0,2,0,1,0.38804037272078273,0.7086810647446254,0.23529174152154644,0.019905719722876913,4022
454,2012-03-29,2,1,3,0,3,1,2,0.8654398523874289,0.25017792455380167,0.8232690245986862,0.1369940497349859,4303
455,2012-03-30,2,1,3,0,4,0,2,0.500320916568161,0.17070795758761498,0.6038168409178459,0.4778247336332447,3842
456,2012-03-31,2,1,3,0,5,1,1,0.44618330881576374,0.6591590627899084,0.5947436967289366,0.47681630391484475,3690
457,2012-04-01,2,1,4,0,6,1,1,0.46615968412743525,0.3946777710354811,0.5501949746454322,0.17616352712626965,4324
458,2012-04-02,2,1,4,0,0,1,1,0.267106179204131,0.4458769811226778,0.24857586013292837,0.021550054474162028,3661
459,2012-04-03,2,1,4,0,1,0,2,0.3949657366918362,0.12491927423471286,0.26291379621531247,0.08954746966409077,4255
460,2012-04-04,2,1,4,0,2,1,1,0.3958506047897413,0.30766115942003935,0.6206384039613603,0.19610889671677006,4010
461,2012-04-05,2,1,4,0,3,1,2,0.14188401614997792,0.12694112309957123,0.4386710000048908,0.4738898489846149,3064
462,2012-04-06,2,1,4,0,4,1,1,0.7140541028143347,0.8033486180809981,0.8420876466043765,0.07059953176859246,3765
463,2012-04-07,2,1,4,0,5,1,2,0.43320354552310325,0.2947173465748244,0.4846133761516306,0.3817579218341061,4127
464,2012-04-08,2,1,4,0,6,1,1,0.7577439094531386,0.5458697356584065,0.30029702109184875,0.05434126968734604,3828
465,2012-04-09,2,1,4,0,0,0,1,0.7802784008959164,0.13118345652890434,0.7003031834514253,0.4906287886956384,2969
466,2012-04-10,2,1,4,0,1,0,1,0.26959524375892646,0.6334779130445265,0.40534739500870687,0.1908082495545675,4514
467,2012-04-11,2,1,4,0,2,0,2,0.6258827857361029,0.35842187660327507,0.5678292151491252,0.387617269449528,4050
468,2012-04-12,2,1,4,0,3,0,1,0.47782544333038535,0.8183353495661326,0.688482949853619,0.1712955414055659,4157
469,2012-04-13,2,1,4,0,4,1,1,0.8041253903371881,0.8104945511472287,0.8301848778414493,0.31383443857940435,3786
470,2012-04-14,2,1,4,0,5,0,1,0.27259254334116334,0.3602324946893982,0.7545338363611733,0.09600804237001836,4184
471,2012-04-15,2,1,4,0,6,1,1,0.6422505602480354,0.8207687165523744,0.6734527475109069,0.07301050964848127,4701
472,2012-04-16,2,1,4,0,0,1,2,0.5862016978021781,0.896926138799023,0.6757432276766004,0.46903206978406564,3669
473,2012-04-17,2,1,4,0,1,1,2,0.3362411820574662,0.7603325312991585,0.8621472508224606,0.45882363895221673,4625
474,2012-04-18,2,1,4,0,2,1,2,0.2092807229209381,0.7758970782041832,0.4070768682475752,0.4437344701064412,4113
475,2012-04-19,2,1,4,0,3,0,1,0.6213118083818212,0.29920698888727193,0.2007784659373312,0.31271672508329673,3600
476,2012-04-20,2,1,4,1,4,1,2,0.6908779665058645,0.561361919086205,0.3903681915787391,0.4041341056081391,4827
477,2012-04-21,2,1,4,0,5,1,1,0.35250187501068,0.1538047311738943,0.3525239657387208,0.03451846845568746,4093
478,2012-04-22,2,1,4,0,6,1,1,0.6158660832178511,0.17593434945733577,0.6632842095797987,0.16739452094533958,4201
479,2012-04-23,2,1,4,0,0,0,1,0.4161047260892027,0.8991140896266325,0.6435981198358702,0.1568515623785781,3816
480,2012-04-24,2,1,4,0,1,1,1,0.6705655066260942,0.3613113995407288,0.6154229678933066,0.3178226609763066,3599
481,2012-04-25,2,1,4,0,2,1,2,0.2593722199152425,0.6985471296390771,0.2113704102466176,0.17797888673532025,3977
482,2012-04-26,2,1,4,0,3,1,2,0.8121720021089395,0.7453320424214532,0.7101446381154533,0.0742533908218404,4535
483,2012-04-27,2,1,4,0,4,0,2,0.3299276771724638,0.7864186168057834,0.4264712887398441,0.29823353770677186,3771
484,2012-04-28,2,1,4,0,5,1,1,0.3942287902049223,0.8981026379217253,0.6655391923046418,0.40719196033454075,3877
485,2012-04-29,2,1,4,0,6,1,1,0.14647356166427983,0.2931971882054943,0.5896048999515073,0.1910617472299866,4462
486,2012-04-30,2,1,4,0,0,1,1,0.18920976985702112,0.13228066148775977,0.439911647799535,0.06613435754924085,3751
487,2012-05-01,2,1,5,0,1,1,1,0.5126895221698625,0.4289532143956688,0.2942033869728754,0.09834409865641153,4067
488,2012-05-02,2,1,5,0,2,1,1,0.3140741413823772,0.20406453586315756,0.2660932283623367,0.11874165258469199,4205
489,2012-05-03,2,1,5,0,3,1,1,0.7683841805937556,0.11794071132964411,0.7820628331785564,0.1499487964972681,3766
490,2012-05-04,2,1,5,0,4,0,1,0.11175471092396308,0.38834146171318895,0.8428782794570906,0.32139753525315456,3959
491,2012-05-05,2,1,5,0,5,1,1,0.403275238937549,0.7269906008601892,0.6548516327350097,0.3004727422688595,4090
492,2012-05-06,2,1,5,0,6,1,2,0.3698764374152742,0.5529445529800567,0.27240388040233837,0.3480399307835196,3656
493,2012-05-07,2,1,5,0,0,0,3,0.11546210473408083,0.35022239136828326,0.4814190518217685,0.18125099226575658,4132
494,2012-05-08,2,1,5,0,1,1,3,0.19949471920040818,0.6234736043941758,0.7102574400736101,0.41199882593998916,3577
495,2012-05-09,2,1,5,0,2,1,2,0.43091413993490824,0.2856145442470486,0.7458746188070478,0.10204383057788013,3515
496,2012-05-10,2,1,5,0,3,1,1,0.4942916675579573,0.11150515685766803,0.282753035603762,0.23452037375907697,3164
497,2012-05-11,2,1,5,0,4,1,2,0.4234317978038953,0.7114827091491419,0.2000215031917677,0.40046936077071515,3562
498,2012-05-12,2,1,5,0,5,0,2,0.5247501427296751,0.5989944678912072,0.6984959321164235,0.09007932386630962,3426
499,2012-05-13,2,1,5,1,6,1,1,0.5761053399245453,0.709842099600768,0.449617323190344,0.054931556870391474,3580
500,2012-05-14,2,1,5,1,0,0,1,0.10793905690226852,0.1311504133501325,0.3781369321327822,0.44184198384399487,3974
501,2012-05-15,2,1,5,0,1,1,2,0.4712761275628031,0.7696957022645218,0.2090282288526678,0.17146483137959795,3027
502,2012-05-16,2,1,5,0,2,1,1,0.8707993927100707,0.5956209600290426,0.5782095847330497,0.341935062454516,2915
503,2012-05-17,2,1,5,0,3,1,1,0.515225824103639,0.5507162805701121,0.7958055147981873,0.01267430213196924,3393
504,2012-05-18,2,1,5,0,4,1,1,0.6420338139671625,0.5996912384916253,0.8703421523908115,0.3450234442047248,3865
505,2012-05-19,2,1,5,0,5,1,1,0.34949108633350656,0.7915465974946913,0.5960214654293025,0.15805065577348526,3783
506,2012-05-20,2,1,5,0,6,0,1,0.71919310252221,0.5695492052471257,0.560122929417926,0.02787042679372087,3349
507,2012-05-21,2,1,5,0,0,1,1,0.7183371855008921,0.5647603039105434,0.2595394698424688,0.3049063807740585,4109
508,2012-05-22,2,1,5,0,1,0,1,0.5170368381233111,0.8925433256526126,0.5842109610798198,0.12040190803658662,3365
509,2012-05-23,2,1,5,0,2,1,1,0.880811058623371,0.7053841336548544,0.4659853552757762,0.19340362102594,3800
510,2012-05-24,2,1,5,0,3,0,2,0.20044017181012272,0.45383504436090827,0.6249946966185038,0.040290406143256796,3456
511,2012-05-25,2,1,5,0,4,0,1,0.1135581319116648,0.6659176000263421,0.47210844351358267,0.07358162554747266,3240
512,2012-05-26,2,1,5,0,5,0,1,0.7161265694056768,0.4113843773534308,0.3682093864152567,0.14898861774792188,3331
513,2012-05-27,2,1,5,0,6,0,1,0.745724429891906,0.2831003699867992,0.26647569265986354,0.04487975028007857,3853
514,2012-05-28,2,1,5,0,0,0,3,0.196165783296461,0.5774815015102076,0.420442911212227,0.4554131323431576,3689
515,2012-05-29,2,1,5,0,1,1,1,0.3124662663668849,0.8425456784911612,0.26765138400142663,0.003023521591989209,3917
516,2012-05-30,2,1,5,0,2,1,1,0.11404189069330313,0.8433116160123703,0.3238278655767888,0.2419301094321557,3660
517,2012-05-31,2,1,5,0,3,1,2,0.3346468886244518,0.3735242224843923,0.8911353110056821,0.06162372906627572,2856
518,2012-06-01,3,1,6,0,4,0,2,0.7185134991349372,0.522141972977356,0.5108724898346331,0.15383954473897427,4332
519,2012-06-02,3,1,6,1,5,1,1,0.5143684221700632,0.269308718855889,0.5723102365535115,0.46302977990913274,3621
520,2012-06-03,3,1,6,0,6,0,2,0.3784764745346305,0.8965048875991067,0.8115329701160507,0.08084727663699343,3661
521,2012-06-04,3,1,6,0,0,1,1,0.3973914359250642,0.8848943262943486,0.8968982303434814,0.4829161598591663,3289
522,2012-06-05,3,1,6,0,1,1,1,0.10108290057237453,0.6196071437659578,0.607900114541277,0.10289718849471086,3870
523,2012-06-06,3,1,6,0,2,1,1,0.33984042205218873,0.7435312477419788,0.7687316747309201,0.3707830542334148,2972
524,2012-06-07,3,1,6,0,3,1,1,0.6171669933103444,0.67208012902696,0.4288587170356727,0.27333863244865586,3637
525,2012-06-08,3,1,6,0,4,1,2,0.8793555550530857,0.5745265752315746,0.4140207702131038,0.4422393637983796,2545
526,2012-06-09,3,1,6,0,5,1,1,0.7776486615871196,0.14267839759111817,0.4818926046961921,0.27699662775156547,3632
527,2012-06-10,3,1,6,0,6,1,1,0.1188759717164233,0.46381147404212886,0.6707550838715544,0.26727960957815433,2913
528,2012-06-11,3,1,6,0,0,1,2,0.8188484837398715,0.6398290417339284,0.6775341824785691,0.09772900018419994,3440
529,2012-06-12,3,1,6,0,1,1,2,0.7265587306389008,0.6420252911069477,0.4206676042546156,0.08311468102582936,3856
530,2012-06-13,3,1,6,0,2,1,1,0.7243008988567844,0.39849809473790687,0.29324694689564007,0.4582445755577571,3625
531,2012-06-14,3,1,6,0,3,0,2,0.46639660720285725,0.8533535893264245,0.642677379525856,0.16391909942501703,3769
532,2012-06-15,3,1,6,1,4,1,1,0.4184042343636023,0.23388562578942482,0.2898281035321352,0.18604112748144797,3712
533,2012-06-16,3,1,6,1,5,1,2,0.3423325830665541,0.5002875569724485,0.604944755760531,0.3799118292141942,3037
534,2012-06-17,3,1,6,0,6,1,2,0.15255588716349264,0.6527071812406582,0.6853954896394163,0.16941174121140368,3469
535,2012-06-18,3,1,6,0,0,1,3,0.2825882907949593,0.6577086447134474,0.6904280474761162,0.4760312233195014,2523
536,2012-06-19,3,1,6,0,1,1,1,0.29728290798241974,0.6189111654150524,0.7274304774617177,0.36896388449940015,2921
537,2012-06-20,3,1,6,0,2,1,1,0.4872616557681613,0.32023057076148814,0.8110015950959653,0.29871462128671,3736
538,2012-06-21,3,1,6,0,3,1,1,0.6979555252773552,0.2249652549492976,0.5499712943753519,0.44044758027237624,3008
539,2012-06-22,3,1,6,0,4,1,1,0.4790478627183573,0.6087522614613687,0.7111744326706999,0.024802954174741376,2398
540,2012-06-23,3,1,6,0,5,1,1,0.1462755595577285,0.5794416929115502,0.6334209147560856,0.12853134609460437,3934
541,2012-06-24,3,1,6,0,6,0,3,0.8662318407905631,0.2434848082313928,0.3306479578583778,0.23251816711045498,3336
542,2012-06-25,3,1,6,0,0,0,1,0.8541794552752898,0.6641113164564507,0.21798275140858572,0.11348926973576051,3400
543,2012-06-26,3,1,6,0,1,1,1,0.7281516345187268,0.4641375933869252,0.3991789699738536,0.37195259365107597,2685
544,2012-06-27,3,1,6,0,2,1,2,0.8930623212513765,0.6342084732825224,0.5101235944363336,0.4596040155268626,3173
545,2012-06-28,3,1,6,0,3,1,1,0.5355858662402103,0.7698936638161206,0.6319741611000593,0.2118850599654617,3146
546,2012-06-29,3,1,6,0,4,1,2,0.8702146802025649,0.23578274286153855,0.7949715313522436,0.17106630005594747,2697
547,2012-06-30,3,1,6,0,5,0,1,0.16048403249340062,0.11531589439746935,0.3373720016943159,0.4807753660687831,2940
548,2012-07-01,3,1,7,0,6,1,1,0.3925445986090971,0.7232820691166294,0.28788485292893395,0.22242621641377042,2391
549,2012-07-02,3,1,7,0,0,1,1,0.28030501440541267,0.5877579401220928,0.8744359632320293,0.2445242002246416,2835
550,2012-07-03,3,1,7,0,1,1,1,0.25666646730741605,0.6597116556976974,0.275631191563485,0.17582493617095268,3346
551,2012-07-04,3,1,7,0,2,0,3,0.21264235911414087,0.770523979990914,0.5349437490750324,0.4547742365060692,2641
552,2012-07-05,3,1,7,0,3,1,1,0.5979309132527973,0.7422487478596004,0.6098946101553113,0.2844777416409254,3685
553,2012-07-06,3,1,7,0,4,1,1,0.725057484597844,0.8687361175430598,0.5789620946352068,0.38108729359082233,2331
554,2012-07-07,3,1,7,0,5,1,1,0.5626387195362885,0.5287480630816946,0.26022250992306023,0.4059033591754432,2784
555,2012-07-08,3,1,7,0,6,1,1,0.21757016767056775,0.49079650612792436,0.23991883980253356,0.1709245209586291,2608
556,2012-07-09,3,1,7,0,0,1,2,0.7488990159467768,0.4215097599125841,0.27383839922272496,0.21684716566019002,2782
557,2012-07-10,3,1,7,0,1,1,1,0.6087637657309828,0.22295283427536364,0.6099113787108288,0.4242358872031323,3385
558,2012-07-11,3,1,7,0,2,1,2,0.4105325649015964,0.558085786305618,0.5810414213440247,0.18162767583790512,2426
559,2012-07-12,3,1,7,0,3,1,3,0.6393042364288504,0.32161001946078305,0.363618554425721,0.39696756672592565,2622
560,2012-07-13,3,1,7,0,4,1,1,0.3079239833942663,0.8370460097703804,0.6464418992919141,0.47049616128721855,3048
561,2012-07-14,3,1,7,0,5,1,3,0.3761537667953684,0.5665526434216781,0.7740472514389545,0.3116051865340035,2806
562,2012-07-15,3,1,7,0,6,1,1,0.8339886745055922,0.5742721444064881,0.22910527189261565,0.37081364372594444,2823
563,2012-07-16,3,1,7,0,0,1,1,0.33240360453713635,0.3839397287016081,0.5486909604836296,0.40254865602056744,2350
564,2012-07-17,3,1,7,0,1,0,1,0.4759906145263493,0.141591481582166,0.6825172884718832,0.42251982444832126,2691
565,2012-07-18,3,1,7,0,2,1,2,0.8121129099168117,0.1253950122983909,0.376618348948781,0.19752666892839799,3155
566,2012-07-19,3,1,7,0,3,1,3,0.666177080214022,0.438668115322558,0.41543963370520437,0.025631729587999086,2043
567,2012-07-20,3,1,7,0,4,1,1,0.1497625809317622,0.16765230247779028,0.6295465320925686,0.20093813561836976,2391
568,2012-07-21,3,1,7,0,5,1,2,0.21784243542317627,0.5854775644321113,0.8285547054106157,0.3368781148920449,1928
569,2012-07-22,3,1,7,0,6,0,1,0.10627327261753346,0.804778404511726,0.7669470942120296,0.2251751928903964,2853
570,2012-07-23,3,1,7,0,0,1,1,0.6047374321833308,0.8063318532149778,0.6081911533697084,0.3744815754301993,3112
571,2012-07-24,3,1,7,0,1,0,1,0.4581387403283347,0.6272363281057859,0.7111552024300745,0.17849121473433194,2533
572,2012-07-25,3,1,7,0,2,1,3,0.20741988072182044,0.2689854651783448,0.4553757291454591,0.3173720705520148,2188
573,2012-07-26,3,1,7,0,3,1,2,0.8663472968454163,0.7903974650870976,0.6486758696691304,0.09320990242698729,2184
574,2012-07-27,3,1,7,0,4,0,1,0.5237277791564959,0.8088747482505666,0.5263271137892899,0.37468471832247846,2440
575,2012-07-28,3,1,7,0,5,0,1,0.29351463529031135,0.257322867962367,0.3329552955202926,0.2728479844065129,2423
576,2012-07-29,3,1,7,0,6,0,1,0.500482856923766,0.6899408686165418,0.69121679171408,0.10203219427330029,2893
577,2012-07-30,3,1,7,0,0,0,1,0.6436962661880863,0.3292156391416984,0.5895252461441753,0.14595558674890363,2246
578,2012-07-31,3,1,7,0,1,1,1,0.16099137437885158,0.7421122498823437,0.45103510736751395,0.3743043542909162,2672
579,2012-08-01,3,1,8,0,2,0,2,0.31976305203831357,0.8977903199228822,0.8379374330550415,0.24130061783076034,2361
580,2012-08-02,3,1,8,0,3,1,1,0.7455723927071949,0.12402080426351425,0.2146538824787133,0.1080157201965361,2171
581,2012-08-03,3,1,8,0,4,0,1,0.46773189632212897,0.8178926926327456,0.4210412058746472,0.4836355951851488,2322
582,2012-08-04,3,1,8,1,5,1,1,0.537261713625836,0.5981044268789265,0.2398169784443526,0.35756250990844396,2575
583,2012-08-05,3,1,8,0,6,0,2,0.4462528017675754,0.878706095331857,0.7365691213551391,0.47856741626989807,2792
584,2012-08-06,3,1,8,0,0,1,2,0.1351199541144041,0.4720076140211421,0.6914752178796548,0.2135525226801716,2311
585,2012-08-07,3,1,8,0,1,1,1,0.23259982385612477,0.7779103444570991,0.43194655311542196,0.23755017034586023,1916
586,2012-08-08,3,1,8,0,2,1,2,0.4564333109935127,0.14991525487862178,0.6729640315449511,0.4489776080925096,2784
587,2012-08-09,3,1,8,0,3,0,1,0.26734837232634223,0.3682232400626366,0.4771560583371649,0.2625246701226923,2011
588,2012-08-10,3,1,8,0,4,1,1,0.139983222927743,0.15361323020096798,0.729377653995704,0.3536394559528336,2462
589,2012-08-11,3,1,8,0,5,1,1,0.774919731241459,0.8802745067832565,0.5179285639156943,0.12608643874776498,2334
590,2012-08-12,3,1,8,0,6,1,1,0.8849540233312927,0.7535791258174694,0.48859580948216585,0.22336323435132027,2268
591,2012-08-13,3,1,8,0,0,1,1,0.7345142991973915,0.7820379369967764,0.8543109408418106,0.061724932905177554,2124
592,2012-08-14,3,1,8,0,1,0,3,0.7830279373637337,0.8503721851471154,0.37561536992349015,0.10299001793848084,2554
593,2012-08-15,3,1,8,0,2,1,2,0.2935817042536363,0.16808278889582828,0.28431313799759583,0.0004717076338155435,861
594,2012-08-16,3,1,8,0,3,0,2,0.8685015804105598,0.4084780740106667,0.6091801792816207,0.019632525824330116,2736
595,2012-08-17,3,1,8,0,4,1,1,0.2575405635627427,0.1568279112352017,0.8785252685989251,0.48864191158846465,1905
596,2012-08-18,3,1,8,0,5,1,1,0.8611438482894659,0.26863448124002287,0.46448744960903066,0.12117684756838115,2421
597,2012-08-19,3,1,8,0,6,0,2,0.8958554351727609,0.2834926216301379,0.24342573454014707,0.331655354752001,2389
598,2012-08-20,3,1,8,0,0,1,1,0.669378244596839,0.47528576883806295,0.43751368711669725,0.4195498493998058,2746
599,2012-08-21,3,1,8,0,1,1,1,0.8849149854334576,0.31484973396291405,0.5541521580236909,0.27533022961828213,2304
600,2012-08-22,3,1,8,0,2,1,1,0.5556318236536829,0.18078248545420889,0.3133461046425496,0.0765722500419781,1882
601,2012-08-23,3,1,8,0,3,0,2,0.3076334265408723,0.23399287127528617,0.6606715526395444,0.3640582186680832,1561
602,2012-08-24,3,1,8,0,4,1,1,0.44959670853249667,0.21782045084167276,0.8984245723071405,0.3001257050497915,2053
603,2012-08-25,3,1,8,0,5,0,1,0.5748487483030288,0.8784614383298387,0.5162176331870106,0.36562529467368754,1400
604,2012-08-26,3,1,8,0,6,0,2,0.15846524962161201,0.7074340055347789,0.4483099897111489,0.3848733114285436,1922
605,2012-08-27,3,1,8,0,0,1,1,0.5978746116937969,0.8742091722156496,0.48049291678412664,0.48770518384237255,2047
606,2012-08-28,3,1,8,0,1,1,1,0.8849422694098357,0.4517923892063268,0.28060232487664083,0.286781640013355,1878
607,2012-08-29,3,1,8,0,2,1,1,0.25208611982698215,0.3226947853301253,0.8182915209983566,0.1708205563453009,2162
608,2012-08-30,3,1,8,0,3,1,1,0.7340760930307066,0.7386345577673493,0.4903779588649464,0.32423227845011854,2042
609,2012-08-31,3,1,8,0,4,1,2,0.8263190350236955,0.3610031344329174,0.4710920879973889,0.034220354621313065,1997
610,2012-09-01,4,1,9,0,5,1,1,0.8549612742561766,0.33950669896427865,0.661783191051332,0.44869865916079316,1150
611,2012-09-02,4,1,9,0,6,1,1,0.8681084835243578,0.286004793766265,0.5094233946517864,0.05969050566909839,1594
612,2012-09-03,4,1,9,0,0,0,2,0.5171677109771776,0.20374318257938828,0.6537634281654923,0.16392141894290913,2361
613,2012-09-04,4,1,9,0,1,0,2,0.8818463263932029,0.3051704488134128,0.24301240309155125,0.40787269031306045,2418
614,2012-09-05,4,1,9,0,2,0,2,0.7058481657075512,0.3842557987791102,0.7696063406055591,0.2986561891653559,1353
615,2012-09-06,4,1,9,0,3,1,1,0.22933714898956953,0.6391953665165844,0.8583527670155817,0.19681776013872104,1756
616,2012-09-07,4,1,9,0,4,1,1,0.48152008517437606,0.15005187377556128,0.6541357703115702,0.2367178296875107,2504
617,2012-09-08,4,1,9,0,5,1,3,0.6746649402976032,0.2684055517322744,0.8681961502011675,0.42727369660109016,1782
618,2012-09-09,4,1,9,0,6,0,2,0.2978722526552667,0.7472189122333411,0.30600262005897433,0.17000219302994607,2018
619,2012-09-10,4,1,9,0,0,1,1,0.6124921468391099,0.21753753886701663,0.5341913326362475,0.43482484240608565,2633
620,2012-09-11,4,1,9,0,1,0,1,0.6332803832372954,0.3741161172180173,0.621264713761813,0.044067215488345746,1907
621,2012-09-12,4,1,9,0,2,1,1,0.23015979504685272,0.7917271374865121,0.6072156531948307,0.38839921860431537,1844
622,2012-09-13,4,1,9,0,3,1,3,0.552068249962205,0.22394024891475414,0.48102324536233027,0.4237738165273682,1978
623,2012-09-14,4,1,9,0,4,0,1,0.7173015287828862,0.1661894684945519,0.43665908655638297,0.09090882641866938,2777
624,2012-09-15,4,1,9,0,5,1,1,0.4991165316287536,0.4876303960640087,0.2887768157852932,0.21517326618610022,2210
625,2012-09-16,4,1,9,0,6,0,1,0.10968249342088594,0.34193560902282916,0.4742197153935947,0.08274988733182781,2035
626,2012-09-17,4,1,9,0,0,0,2,0.10723077526343375,0.5507266915870833,0.3138625705738396,0.3533020644971089,1814
627,2012-09-18,4,1,9,0,1,1,2,0.3856234751760098,0.7430439123867801,0.7140559735445529,0.26767388403082837,2235
628,2012-09-19,4,1,9,0,2,1,1,0.8409552547454257,0.20971879052219455,0.346181654846213,0.3176616733541605,2280
629,2012-09-20,4,1,9,0,3,1,2,0.282941423682887,0.564559267643428,0.24099571369917372,0.09824348347810558,1584
630,2012-09-21,4,1,9,0,4,0,3,0.6074909510973497,0.5044070083118911,0.5866562964720641,0.10587293102620976,2285
631,2012-09-22,4,1,9,0,5,1,1,0.27766069655465647,0.21526302881055967,0.6166608129035811,0.020748662754953184,1948
632,2012-09-23,4,1,9,0,6,1,1,0.35733599172763897,0.599198788423186,0.8103391428963538,0.16103376759786486,2016
633,2012-09-24,4,1,9,0,0,1,1,0.7784336716811872,0.3189123342886173,0.6038871286923773,0.2798723306668375,1651
634,2012-09-25,4,1,9,0,1,0,2,0.6830891538159575,0.49026745483521006,0.44183659760641203,0.4289674569986644,1843
635,2012-09-26,4,1,9,0,2,1,1,0.1763194218505685,0.1658178594216495,0.7621083170684244,0.33346372372934036,1590
636,2012-09-27,4,1,9,0,3,0,2,0.4429616167891469,0.46766724577089847,0.5781952252311947,0.21769816169987571,1569
637,2012-09-28,4,1,9,0,4,0,2,0.12333581091621158,0.34517077443425626,0.2554961992418342,0.4765600571970689,2151
638,2012-09-29,4,1,9,0,5,1,1,0.48471211728240726,0.7579049689482835,0.5960953922192727,0.35962260028791593,1858
639,2012-09-30,4,1,9,0,6,1,3,0.6299472093608545,0.14558298159789462,0.8356129817951636,0.465082601431275,1480
640,2012-10-01,4,1,10,0,0,0,1,0.19480209887852126,0.434885819934664,0.4774188378487544,0.26379398663608283,2871
641,2012-10-02,4,1,10,0,1,1,1,0.33110795112733254,0.4667451393051504,0.40742806132986004,0.1294521373965698,1550
642,2012-10-03,4,1,10,0,2,0,2,0.4182693004017256,0.680004861039295,0.30042861991261405,0.026413343182360993,2438
643,2012-10-04,4,1,10,0,3,1,2,0.8356248197248398,0.5594300600721688,0.3060118653547501,0.36304242574192525,1412
644,2012-10-05,4,1,10,0,4,1,1,0.8946040123383713,0.6337698697553449,0.5029400390392732,0.06065149900276706,2186
645,2012-10-06,4,1,10,0,5,0,2,0.13592903919649268,0.721639428521405,0.6169758769130707,0.1513875641359836,1905
646,2012-10-07,4,1,10,0,6,1,3,0.7088063387963136,0.789762378926551,0.25643078361872124,0.2662354539419487,1756
647,2012-10-08,4,1,10,0,0,1,1,0.3973792531218746,0.3511003973779764,0.8576980123176159,0.28220829388987384,2088
648,2012-10-09,4,1,10,0,1,1,3,0.4139665489835841,0.5304181642911224,0.728593532211637,0.300291598493568,2037
649,2012-10-10,4,1,10,0,2,1,1,0.7034119786776182,0.77208646275136,0.6106367427985638,0.08312766517485032,1690
650,2012-10-11,4,1,10,0,3,1,1,0.834741145716327,0.8915609047720452,0.7799070696572936,0.18986870241082437,1675
651,2012-10-12,4,1,10,0,4,1,1,0.8607428756020388,0.8116154488350106,0.2561307297684793,0.30859711355848335,1392
652,2012-10-13,4,1,10,0,5,0,2,0.5616980688306566,0.3971738100995015,0.533787214413187,0.4849094323168924,2148
653,2012-10-14,4,1,10,0,6,1,2,0.3856969274404023,0.2561332137749204,0.6410651888031644,0.36381556884984434,1528
654,2012-10-15,4,1,10,0,0,1,1,0.7300392686870234,0.49151402992527105,0.7800570342828024,0.4613018785469789,2035
655,2012-10-16,4,1,10,0,1,1,1,0.3008011066098402,0.6933131614688338,0.7484286920344874,0.3811060291570885,2275
656,2012-10-17,4,1,10,0,2,0,2,0.5512592230668142,0.49405525660263805,0.3939484747993798,0.2958584844462002,2126
657,2012-10-18,4,1,10,0,3,1,1,0.3868627692198986,0.48654469065093486,0.8586161186914429,0.09601168456817227,1759
658,2012-10-19,4,1,10,0,4,0,2,0.6253048589663008,0.7705843368654405,0.28704208900160927,0.3333428259462565,2417
659,2012-10-20,4,1,10,0,5,1,2,0.2923191303148055,0.38912302325374915,0.8125935330348064,0.31168978297995353,1896
660,2012-10-21,4,1,10,0,6,1,1,0.2532743565878606,0.7878357398493165,0.879658174723233,0.3012345852286332,1532
661,2012-10-22,4,1,10,0,0,1,3,0.8345912693403497,0.42544384076137887,0.3240074662558379,0.24489293399412038,1958
662,2012-10-23,4,1,10,1,1,1,1,0.18144294635962954,0.3625864845426715,0.7054462449426497,0.2643283019946378,2313
663,2012-10-24,4,1,10,0,2,1,3,0.5047663261879454,0.46319192895975925,0.22819986314459895,0.16722126355905204,1816
664,2012-10-25,4,1,10,0,3,1,2,0.2766822263704072,0.7099575669398948,0.48379597759740844,0.2596563463211516,2444
665,2012-10-26,4,1,10,0,4,0,2,0.13114397066053396,0.20080162229119544,0.5613983094383719,0.09877795283923912,1792
666,2012-10-27,4,1,10,0,5,1,1,0.12881505463314114,0.2571353726976139,0.6064516581367438,0.4025871986801884,1854
667,2012-10-28,4,1,10,0,6,1,2,0.2401774176846619,0.8611558605304735,0.8551560737739916,0.0928884773493539,1697
668,2012-10-29,4,1,10,0,0,1,1,0.7934162836048002,0.2403933019050859,0.6705754811059362,0.04248314494473321,2397
669,2012-10-30,4,1,10,0,1,0,1,0.3259829951816213,0.5541818543448437,0.5368945658534658,0.21812301317857868,2111
670,2012-10-31,4,1,10,0,2,1,1,0.8603673364602366,0.5634515733295503,0.7667725253861224,0.3291537197530309,1749
671,2012-11-01,4,1,11,0,3,1,1,0.5652978343913548,0.4916995696401959,0.8653729746680863,0.21885841246677068,1991
672,2012-11-02,4,1,11,0,4,1,1,0.4492913518150129,0.6157961988614549,0.2154463040776036,0.1383770659756543,930
673,2012-11-03,4,1,11,0,5,0,2,0.5640710677355637,0.28386138063809474,0.887764890579227,0.27908559194522037,2480
674,2012-11-04,4,1,11,0,6,1,2,0.5133587081810143,0.5421298142213986,0.26029249734457627,0.17350116770609997,2110
675,2012-11-05,4,1,11,0,0,1,1,0.7070210030058601,0.3977386041975177,0.7700707454881328,0.46643384506331653,1225
676,2012-11-06,4,1,11,1,1,0,2,0.32599685277828183,0.6293338077033512,0.39623432678598874,0.46132256980178604,1615
677,2012-11-07,4,1,11,0,2,0,1,0.382440313280242,0.21297883469851958,0.2925257604277102,0.25118590998604773,2040
678,2012-11-08,4,1,11,0,3,1,2,0.8152754420266006,0.556701933471581,0.5078989477996845,0.16394199700912926,1694
679,2012-11-09,4,1,11,0,4,0,2,0.8571652105203243,0.24821628430665899,0.6507696056133294,0.36856620697831954,2547
680,2012-11-10,4,1,11,0,5,1,1,0.8140465819891797,0.32291445049202916,0.4666662915164325,0.01835647174153332,2409
681,2012-11-11,4,1,11,0,6,1,2,0.43555839516585093,0.27496784025886656,0.23819578579788928,0.23738450302182562,2396
682,2012-11-12,4,1,11,0,0,1,1,0.7242924024055054,0.2462702238950537,0.6196227977611016,0.16816169713516677,1222
683,2012-11-13,4,1,11,0,1,1,1,0.48106858664087904,0.7605687612485336,0.8316822932774723,0.46026794255127734,2066
684,2012-11-14,4,1,11,0,2,1,2,0.49803188171688173,0.3285660541287123,0.46825075616307615,0.006001513636341271,2009
685,2012-11-15,4,1,11,0,3,0,1,0.2637440872458272,0.8416990254915595,0.3514329443415789,0.27640743785917454,1918
686,2012-11-16,4,1,11,0,4,1,1,0.5729042426068132,0.8759412202761527,0.5098041421529708,0.370331790533313,2146
687,2012-11-17,4,1,11,0,5,1,1,0.24890871820267835,0.5570083759496779,0.2338538977341466,0.24250899376202062,1875
688,2012-11-18,4,1,11,0,6,1,2,0.3652517592537551,0.21440089813258112,0.7743413091361924,0.04270151508136083,2424
689,2012-11-19,4,1,11,0,0,0,1,0.7840241612959481,0.39963859470366503,0.7784385676651306,0.4862306950139511,2657
690,2012-11-20,4,1,11,0,1,1,1,0.2656606473686842,0.7381858106785713,0.6116003244007399,0.25900521568804896,2636
691,2012-11-21,4,1,11,0,2,1,2,0.15692662813874625,0.3939125829576564,0.44717202225687264,0.3070931221595057,2322
692,2012-11-22,4,1,11,0,3,1,2,0.15520607409025305,0.16961377464223099,0.7598483551120483,0.11830489135375366,3191
693,2012-11-23,4,1,11,0,4,1,1,0.8526276164024863,0.5454279287425504,0.5882809173518571,0.2417490425534019,2861
694,2012-11-24,4,1,11,0,5,0,1,0.5055363503694678,0.7760966811968278,0.7781526159850114,0.21457474597916093,2378
695,2012-11-25,4,1,11,0,6,0,1,0.4275296574536147,0.7367411097148019,0.6420211548081144,0.03744792100099187,2240
696,2012-11-26,4,1,11,0,0,1,1,0.7487028648063347,0.2400985121042826,0.749083831248958,0.05308017677373361,2982
697,2012-11-27,4,1,11,0,1,0,1,0.7686607423284129,0.6382116915299734,0.618994095252432,0.4187362598093873,2865
698,2012-11-28,4,1,11,0,2,1,2,0.36575282649248375,0.2764034107485177,0.4898987477509663,0.11990997610329512,1912
699,2012-11-29,4,1,11,0,3,0,2,0.6548944459790362,0.27456602764173776,0.8705621019482963,0.09747913574931527,2925
700,2012-11-30,4,1,11,0,4,1,2,0.7168982526815093,0.7992574186441481,0.5787796774151913,0.2524557256250696,2444
701,2012-12-01,1,1,12,0,5,1,1,0.6237205494927636,0.2997351621921841,0.6235626629783768,0.38437356568125647,2176
702,2012-12-02,1,1,12,0,6,1,2,0.2212760598400795,0.31059787721440896,0.3543413475903245,0.03097325928949396,1744
703,2012-12-03,1,1,12,0,0,1,1,0.8007064668136457,0.10052271260903965,0.6379555525990935,0.2884039598191279,2444
704,2012-12-04,1,1,12,0,1,1,3,0.531275642188807,0.7965352273004142,0.6001253546380607,0.05960522142028668,2562
705,2012-12-05,1,1,12,0,2,1,2,0.325977941096003,0.7340758505673078,0.3293868785629175,0.01823052541280923,3217
706,2012-12-06,1,1,12,1,3,1,1,0.44018254835015513,0.6018631480725424,0.2417109681472006,0.026371976081108695,2981
707,2012-12-07,1,1,12,0,4,0,2,0.1300568723191259,0.7002126111510738,0.6230515238003398,0.41708205410422067,2381
708,2012-12-08,1,1,12,0,5,1,1,0.20229344097793406,0.22163885393959346,0.7345845885452242,0.05898624181403078,2786
709,2012-12-09,1,1,12,0,6,1,2,0.7124374004126887,0.46665887567006037,0.5663809596454057,0.022575682206145975,2976
710,2012-12-10,1,1,12,0,0,0,1,0.10000930780429292,0.38097550987902473,0.358740837723752,0.21894994357145614,2696
711,2012-12-11,1,1,12,0,1,1,1,0.43325266278583374,0.1750212210056132,0.6665653836851244,0.4219967359710124,2443
712,2012-12-12,1,1,12,0,2,1,2,0.5180081448684708,0.48890438817193926,0.2560740086267216,0.13120418824465097,2482
713,2012-12-13,1,1,12,0,3,1,1,0.14370753600077785,0.8365917202741083,0.5092835933613682,0.2108563087629582,2865
714,2012-12-14,1,1,12,0,4,0,2,0.8784625303778663,0.13204729524055558,0.31435673087889415,0.01996126628187561,2893
715,2012-12-15,1,1,12,0,5,1,1,0.2809002649997375,0.3331687307950351,0.3291213357419184,0.22453925706743794,2627
716,2012-12-16,1,1,12,0,6,1,2,0.34335897570902474,0.26603274896456275,0.34160576441074253,0.28880654031856684,1713
717,2012-12-17,1,1,12,0,0,0,2,0.3431540098040219,0.29051732293255705,0.47069493993078454,0.2854535268760724,2261
718,2012-12-18,1,1,12,0,1,0,1,0.2843333296938799,0.8267476415035002,0.23580514393427834,0.16621334608718258,3042
719,2012-12-19,1,1,12,0,2,1,1,0.10117905766904914,0.47445524338743217,0.47845540865036873,0.15776659033156776,1959
720,2012-12-20,1,1,12,0,3,1,1,0.6834758352703971,0.4730395303518551,0.5581952129802905,0.05331180946829894,3302
721,2012-12-21,1,1,12,0,4,1,1,0.8734763998394283,0.7084605139642258,0.5383059994764277,0.1833991603231342,3260
722,2012-12-22,1,1,12,0,5,0,1,0.27943478662803606,0.22359376320394064,0.4679488702821284,0.04974733443648233,2879
723,2012-12-23,1,1,12,0,6,1,2,0.6304377534427379,0.4898122832800407,0.7874026256495268,0.3832979723560258,3118
724,2012-12-24,1,1,12,0,0,1,3,0.6935170615669721,0.44398817129684776,0.3017286846943529,0.4831371488740929,3108
725,2012-12-25,1,1,12,0,1,0,2,0.7787403032724198,0.5775285524373249,0.5539877206469618,0.48503722833335344,2867
726,2012-12-26,1,1,12,0,2,1,2,0.43810335761088737,0.8996461626003509,0.24342899186958802,0.4325355496876969,2381
727,2012-12-27,1,1,12,0,3,1,2,0.34234472451234343,0.7155591152656376,0.24980897521453682,0.30039607466980955,3335
728,2012-12-28,1,1,12,0,4,1,2,0.3602361072184249,0.41829256241394175,0.6017060947739674,0.35043284862193996,3528
729,2012-12-29,1,1,12,0,5,1,1,0.6700970664788103,0.7620424418192376,0.5962128974214747,0.14260290134020703,2499
730,2012-12-30,1,1,12,0,6,1,3,0.7534235732045088,0.23656669064998415,0.8146234589911199,0.3153852100863103,2435
731,2012-12-31,1,1,12,0,0,1,2,0.24529117420528213,0.12437094904716811,0.5905115729620511,0.22782477471993873,2962
